Employee_ID,Factory_ID,Department,Designation,Experience,Shift,Salary,Attendance,Efficiency
EMP0001,Chennai Finishing,Maintenance,Technician,8,Day,31897,94,93.4
EMP0002,Vaniyambadi Unit,Cutting,Technician,7,Night,19899,89,87.6
EMP0003,Ranipet Unit,Cutting,Supervisor,16,Day,30956,92,74.1
EMP0004,Ranipet Unit,Maintenance,Technician,14,Day,27920,93,89.8
EMP0005,Ranipet Unit,Packing,Supervisor,24,Day,22224,89,93.1
EMP0006,Ambur Unit,Maintenance,Supervisor,14,Day,55122,96,98.5
EMP0007,Chennai Finishing,Tanning,Supervisor,1,Day,50326,96,88.0
EMP0008,Vaniyambadi Unit,Cutting,Technician,23,Day,35823,91,78.1
EMP0009,Ranipet Unit,Finishing,Operator,17,Day,19680,99,94.8
EMP0010,Ambur Unit,Tanning,Technician,24,Day,58763,96,72.7
EMP0011,Vaniyambadi Unit,Tanning,Operator,14,Night,20341,86,94.6
EMP0012,Ranipet Unit,Maintenance,Operator,21,Night,37774,100,70.6
EMP0013,Vaniyambadi Unit,Quality,Operator,4,Night,26970,91,90.0
EMP0014,Ambur Unit,Tanning,Supervisor,14,Night,34846,93,94.1
EMP0015,Ranipet Unit,Packing,Operator,8,Day,47793,87,87.2
EMP0016,Ranipet Unit,Finishing,Operator,3,Day,58880,90,85.0
EMP0017,Vaniyambadi Unit,Packing,Technician,15,Day,50319,97,96.3
EMP0018,Vaniyambadi Unit,Maintenance,Supervisor,5,Day,46463,91,75.5
EMP0019,Ranipet Unit,Tanning,Supervisor,6,Night,32959,98,70.6
EMP0020,Vaniyambadi Unit,Quality,Technician,23,Night,55283,99,84.5
EMP0021,Chennai Finishing,Packing,Supervisor,23,Night,52224,91,79.0
EMP0022,Chennai Finishing,Maintenance,Operator,4,Day,44210,100,97.8
EMP0023,Ambur Unit,Cutting,Supervisor,4,Day,45338,96,95.0
EMP0024,Ambur Unit,Tanning,Operator,3,Night,29227,100,90.6
EMP0025,Ranipet Unit,Cutting,Technician,4,Day,59328,98,86.9
EMP0026,Ranipet Unit,Finishing,Technician,2,Day,58629,90,70.1
EMP0027,Ambur Unit,Tanning,Technician,8,Day,47989,96,76.2
EMP0028,Ranipet Unit,Finishing,Operator,3,Day,39067,100,73.7
EMP0029,Ambur Unit,Tanning,Technician,22,Day,40230,90,96.8
EMP0030,Chennai Finishing,Maintenance,Operator,16,Day,28501,99,90.0
EMP0031,Ambur Unit,Cutting,Operator,16,Day,36509,100,76.0
EMP0032,Ambur Unit,Finishing,Technician,11,Day,35264,88,95.9
EMP0033,Vaniyambadi Unit,Quality,Technician,19,Night,21347,85,73.6
EMP0034,Chennai Finishing,Finishing,Operator,10,Night,34169,91,92.9
EMP0035,Vaniyambadi Unit,Tanning,Supervisor,19,Day,46727,96,81.8
EMP0036,Chennai Finishing,Quality,Technician,20,Day,57423,90,89.3
EMP0037,Vaniyambadi Unit,Packing,Supervisor,1,Day,37971,97,79.8
EMP0038,Ranipet Unit,Quality,Operator,20,Day,45097,100,76.2
EMP0039,Ambur Unit,Tanning,Operator,24,Night,63480,100,72.5
EMP0040,Chennai Finishing,Cutting,Operator,4,Day,56994,85,83.4
EMP0041,Ambur Unit,Tanning,Technician,17,Night,55709,96,86.5
EMP0042,Ambur Unit,Finishing,Supervisor,5,Night,60334,88,85.3
EMP0043,Ambur Unit,Finishing,Supervisor,22,Day,37199,88,88.9
EMP0044,Ambur Unit,Maintenance,Supervisor,2,Day,52465,93,90.3
EMP0045,Ranipet Unit,Maintenance,Supervisor,24,Day,36024,88,78.9
EMP0046,Ranipet Unit,Finishing,Technician,7,Night,27745,96,85.4
EMP0047,Ambur Unit,Cutting,Supervisor,17,Night,56249,98,82.7
EMP0048,Vaniyambadi Unit,Cutting,Supervisor,19,Day,40304,90,80.6
EMP0049,Chennai Finishing,Finishing,Operator,16,Night,47340,96,96.3
EMP0050,Ranipet Unit,Packing,Supervisor,1,Day,35988,97,91.9
EMP0051,Vaniyambadi Unit,Cutting,Supervisor,5,Night,47486,85,86.1
EMP0052,Ranipet Unit,Finishing,Operator,2,Day,52037,99,82.4
EMP0053,Ranipet Unit,Finishing,Technician,16,Day,62695,100,83.5
EMP0054,Ambur Unit,Packing,Operator,5,Night,63137,86,90.2
EMP0055,Ambur Unit,Finishing,Operator,14,Night,33590,94,88.4
EMP0056,Vaniyambadi Unit,Maintenance,Technician,10,Day,36945,93,88.4
EMP0057,Ranipet Unit,Tanning,Operator,15,Day,40691,86,94.1
EMP0058,Ranipet Unit,Cutting,Supervisor,2,Day,50649,95,75.5
EMP0059,Chennai Finishing,Cutting,Supervisor,15,Night,47486,99,87.1
EMP0060,Chennai Finishing,Tanning,Supervisor,6,Day,28330,94,73.4
EMP0061,Ambur Unit,Maintenance,Operator,16,Night,61540,93,98.8
EMP0062,Vaniyambadi Unit,Maintenance,Technician,9,Night,64730,100,71.1
EMP0063,Chennai Finishing,Tanning,Technician,8,Day,62191,87,75.2
EMP0064,Chennai Finishing,Tanning,Supervisor,17,Night,38836,94,81.2
EMP0065,Vaniyambadi Unit,Packing,Supervisor,20,Night,30051,99,84.3
EMP0066,Ambur Unit,Maintenance,Operator,22,Day,39918,90,84.5
EMP0067,Ambur Unit,Maintenance,Operator,10,Day,60494,85,71.7
EMP0068,Ranipet Unit,Finishing,Supervisor,1,Night,55429,85,94.0
EMP0069,Ambur Unit,Quality,Operator,3,Day,29947,96,95.8
EMP0070,Vaniyambadi Unit,Packing,Operator,1,Night,57725,90,94.2
EMP0071,Ambur Unit,Maintenance,Operator,10,Night,19416,98,98.7
EMP0072,Ambur Unit,Quality,Operator,19,Day,26796,97,76.9
EMP0073,Chennai Finishing,Quality,Supervisor,23,Day,61257,100,71.9
EMP0074,Ranipet Unit,Maintenance,Technician,18,Night,60830,87,96.2
EMP0075,Vaniyambadi Unit,Finishing,Supervisor,14,Day,26636,85,79.5
EMP0076,Vaniyambadi Unit,Maintenance,Operator,21,Day,18848,91,98.3
EMP0077,Ranipet Unit,Packing,Operator,15,Day,60421,93,94.9
EMP0078,Vaniyambadi Unit,Tanning,Supervisor,5,Night,27635,89,91.6
EMP0079,Ranipet Unit,Packing,Technician,7,Night,64536,95,97.9
EMP0080,Ambur Unit,Packing,Operator,9,Day,18991,100,75.4
EMP0081,Vaniyambadi Unit,Tanning,Technician,21,Day,53431,91,84.1
EMP0082,Chennai Finishing,Maintenance,Operator,12,Night,27740,87,99.5
EMP0083,Vaniyambadi Unit,Maintenance,Supervisor,24,Night,32797,90,71.3
EMP0084,Ranipet Unit,Finishing,Technician,1,Day,48859,100,80.4
EMP0085,Ranipet Unit,Packing,Supervisor,7,Night,43996,86,71.8
EMP0086,Ambur Unit,Quality,Supervisor,2,Night,60795,99,79.6
EMP0087,Ambur Unit,Packing,Technician,13,Night,58183,95,84.5
EMP0088,Ranipet Unit,Maintenance,Supervisor,8,Night,62956,89,70.9
EMP0089,Ranipet Unit,Cutting,Technician,17,Night,60290,91,84.3
EMP0090,Vaniyambadi Unit,Maintenance,Supervisor,17,Day,45770,89,91.5
EMP0091,Chennai Finishing,Tanning,Operator,24,Night,30102,97,70.1
EMP0092,Ambur Unit,Tanning,Operator,15,Day,47046,98,94.9
EMP0093,Vaniyambadi Unit,Tanning,Operator,3,Night,22963,92,86.4
EMP0094,Ambur Unit,Maintenance,Operator,12,Night,28907,97,94.0
EMP0095,Chennai Finishing,Quality,Supervisor,13,Night,29393,100,73.0
EMP0096,Chennai Finishing,Finishing,Supervisor,17,Night,53695,96,93.2
EMP0097,Vaniyambadi Unit,Tanning,Technician,18,Night,42582,87,77.2
EMP0098,Vaniyambadi Unit,Finishing,Operator,22,Night,62592,88,80.6
EMP0099,Ranipet Unit,Packing,Supervisor,19,Day,46587,94,70.3
EMP0100,Ranipet Unit,Packing,Technician,14,Night,62097,95,73.7
EMP0101,Ranipet Unit,Quality,Operator,11,Day,19949,87,88.7
EMP0102,Ranipet Unit,Quality,Supervisor,4,Day,28695,96,85.4
EMP0103,Chennai Finishing,Maintenance,Technician,13,Day,50116,94,70.2
EMP0104,Chennai Finishing,Finishing,Supervisor,6,Day,53562,100,78.3
EMP0105,Chennai Finishing,Packing,Supervisor,18,Day,52830,98,88.3
EMP0106,Ranipet Unit,Cutting,Operator,6,Night,43070,86,90.7
EMP0107,Ranipet Unit,Tanning,Supervisor,24,Day,40601,98,82.9
EMP0108,Chennai Finishing,Quality,Technician,16,Night,64720,89,94.1
EMP0109,Chennai Finishing,Maintenance,Supervisor,22,Day,40212,90,87.2
EMP0110,Chennai Finishing,Tanning,Technician,8,Night,63104,94,82.2
EMP0111,Chennai Finishing,Maintenance,Supervisor,6,Night,59782,88,94.4
EMP0112,Chennai Finishing,Tanning,Technician,2,Day,18214,91,100.0
EMP0113,Vaniyambadi Unit,Tanning,Technician,11,Day,33770,97,72.5
EMP0114,Ranipet Unit,Cutting,Technician,5,Day,62377,90,96.8
EMP0115,Ambur Unit,Packing,Technician,17,Day,29617,86,88.1
EMP0116,Chennai Finishing,Quality,Technician,12,Day,48249,85,82.8
EMP0117,Vaniyambadi Unit,Tanning,Technician,22,Day,53841,88,82.8
EMP0118,Chennai Finishing,Finishing,Supervisor,21,Day,38688,89,84.7
EMP0119,Ranipet Unit,Tanning,Supervisor,17,Day,27457,99,97.8
EMP0120,Vaniyambadi Unit,Finishing,Supervisor,19,Night,24983,92,88.4
EMP0121,Chennai Finishing,Packing,Technician,20,Day,61901,99,83.2
EMP0122,Ambur Unit,Cutting,Operator,5,Night,41041,90,82.9
EMP0123,Vaniyambadi Unit,Cutting,Operator,16,Night,34862,96,87.8
EMP0124,Ranipet Unit,Finishing,Operator,21,Day,50555,87,78.3
EMP0125,Chennai Finishing,Tanning,Technician,20,Day,39805,94,82.1
EMP0126,Ambur Unit,Finishing,Technician,22,Night,48574,93,74.4
EMP0127,Chennai Finishing,Cutting,Operator,3,Night,54453,95,77.0
EMP0128,Vaniyambadi Unit,Cutting,Supervisor,13,Night,54332,99,79.7
EMP0129,Ranipet Unit,Tanning,Operator,9,Night,58300,99,78.0
EMP0130,Ambur Unit,Tanning,Operator,24,Night,52528,85,88.6
EMP0131,Ranipet Unit,Maintenance,Supervisor,21,Day,42094,85,87.0
EMP0132,Vaniyambadi Unit,Finishing,Supervisor,4,Night,33522,100,88.0
EMP0133,Ranipet Unit,Packing,Supervisor,20,Night,22103,99,88.5
EMP0134,Ambur Unit,Packing,Technician,5,Day,43525,91,82.0
EMP0135,Ranipet Unit,Maintenance,Supervisor,21,Night,42571,87,70.8
EMP0136,Chennai Finishing,Cutting,Supervisor,24,Day,42851,85,78.2
EMP0137,Chennai Finishing,Finishing,Operator,2,Night,49516,90,79.6
EMP0138,Ambur Unit,Quality,Technician,5,Day,47569,87,86.7
EMP0139,Vaniyambadi Unit,Maintenance,Supervisor,6,Night,51427,88,90.1
EMP0140,Chennai Finishing,Tanning,Operator,2,Day,30565,93,74.6
EMP0141,Ambur Unit,Maintenance,Supervisor,11,Day,20752,92,96.6
EMP0142,Chennai Finishing,Quality,Technician,21,Night,55780,85,81.9
EMP0143,Ambur Unit,Finishing,Supervisor,23,Day,43021,97,77.4
EMP0144,Ranipet Unit,Tanning,Technician,21,Night,20600,98,84.5
EMP0145,Ranipet Unit,Packing,Technician,15,Night,36891,98,86.0
EMP0146,Ambur Unit,Tanning,Supervisor,13,Night,46511,99,79.5
EMP0147,Vaniyambadi Unit,Quality,Operator,17,Night,21951,94,79.3
EMP0148,Ambur Unit,Packing,Technician,16,Day,53177,100,98.2
EMP0149,Ambur Unit,Tanning,Supervisor,14,Night,47512,90,74.9
EMP0150,Ambur Unit,Tanning,Supervisor,19,Night,55945,88,82.6
EMP0151,Ambur Unit,Finishing,Operator,22,Night,21880,92,86.4
EMP0152,Ranipet Unit,Tanning,Supervisor,17,Night,31120,89,81.4
EMP0153,Chennai Finishing,Finishing,Technician,2,Day,61169,100,94.4
EMP0154,Chennai Finishing,Packing,Operator,10,Day,51158,88,79.5
EMP0155,Ambur Unit,Tanning,Operator,18,Night,32216,96,93.4
EMP0156,Chennai Finishing,Cutting,Operator,13,Day,40588,100,96.8
EMP0157,Vaniyambadi Unit,Packing,Operator,25,Night,23074,89,99.6
EMP0158,Ambur Unit,Quality,Supervisor,22,Day,28230,91,74.3
EMP0159,Vaniyambadi Unit,Packing,Operator,15,Night,55567,88,79.2
EMP0160,Vaniyambadi Unit,Quality,Technician,10,Night,21273,97,80.7
EMP0161,Ranipet Unit,Tanning,Supervisor,24,Day,56058,90,90.6
EMP0162,Chennai Finishing,Maintenance,Supervisor,3,Night,36007,100,97.7
EMP0163,Vaniyambadi Unit,Quality,Technician,16,Day,64539,100,85.2
EMP0164,Ranipet Unit,Maintenance,Technician,3,Day,23880,94,98.4
EMP0165,Ranipet Unit,Cutting,Supervisor,6,Night,53702,89,84.3
EMP0166,Chennai Finishing,Packing,Supervisor,14,Night,29494,100,75.0
EMP0167,Ambur Unit,Quality,Technician,1,Night,47973,88,85.3
EMP0168,Ranipet Unit,Quality,Operator,5,Night,46999,91,92.6
EMP0169,Ranipet Unit,Quality,Supervisor,5,Day,24510,88,76.4
EMP0170,Vaniyambadi Unit,Maintenance,Technician,23,Night,31838,100,73.6
EMP0171,Ambur Unit,Quality,Operator,17,Night,49966,90,94.9
EMP0172,Chennai Finishing,Cutting,Operator,2,Day,45417,87,88.0
EMP0173,Ambur Unit,Maintenance,Operator,2,Night,36340,94,90.8
EMP0174,Ambur Unit,Cutting,Technician,13,Day,56541,87,70.8
EMP0175,Chennai Finishing,Tanning,Technician,22,Day,48015,93,77.3
EMP0176,Chennai Finishing,Cutting,Technician,14,Day,27853,89,87.9
EMP0177,Vaniyambadi Unit,Cutting,Technician,20,Night,35130,92,91.2
EMP0178,Ambur Unit,Maintenance,Supervisor,9,Night,25057,100,78.7
EMP0179,Ranipet Unit,Tanning,Operator,12,Day,60441,86,96.9
EMP0180,Vaniyambadi Unit,Tanning,Technician,4,Night,56509,97,99.5
EMP0181,Ambur Unit,Maintenance,Operator,12,Night,20821,89,95.9
EMP0182,Ranipet Unit,Cutting,Supervisor,9,Night,20211,85,70.9
EMP0183,Chennai Finishing,Finishing,Technician,20,Day,49011,96,97.3
EMP0184,Vaniyambadi Unit,Tanning,Supervisor,22,Night,24608,94,79.1
EMP0185,Vaniyambadi Unit,Maintenance,Operator,7,Day,45076,94,97.2
EMP0186,Ambur Unit,Maintenance,Supervisor,17,Day,56541,100,93.3
EMP0187,Chennai Finishing,Packing,Operator,25,Day,49909,86,78.4
EMP0188,Chennai Finishing,Quality,Operator,12,Day,42972,95,94.6
EMP0189,Ambur Unit,Cutting,Technician,20,Day,61567,85,86.2
EMP0190,Chennai Finishing,Tanning,Operator,5,Night,37333,87,72.7
EMP0191,Vaniyambadi Unit,Quality,Supervisor,7,Night,56767,100,73.1
EMP0192,Ambur Unit,Packing,Technician,8,Day,22759,85,87.8
EMP0193,Vaniyambadi Unit,Quality,Operator,17,Night,53249,95,89.1
EMP0194,Chennai Finishing,Tanning,Supervisor,16,Day,18621,95,99.7
EMP0195,Ambur Unit,Packing,Operator,7,Day,19214,97,94.3
EMP0196,Ranipet Unit,Finishing,Operator,24,Night,57328,100,70.5
EMP0197,Ambur Unit,Finishing,Supervisor,3,Day,33105,100,88.2
EMP0198,Ranipet Unit,Packing,Technician,1,Day,37272,92,94.0
EMP0199,Ranipet Unit,Finishing,Supervisor,10,Day,28109,93,74.0
EMP0200,Ambur Unit,Cutting,Operator,2,Day,41194,90,87.5
EMP0201,Ranipet Unit,Cutting,Operator,15,Day,34318,90,95.6
EMP0202,Ambur Unit,Maintenance,Operator,4,Day,41763,91,75.6
EMP0203,Vaniyambadi Unit,Cutting,Technician,3,Day,55098,95,78.2
EMP0204,Chennai Finishing,Finishing,Technician,6,Day,38465,95,96.7
EMP0205,Chennai Finishing,Tanning,Supervisor,18,Night,21672,85,70.2
EMP0206,Ranipet Unit,Packing,Operator,20,Night,50632,97,75.7
EMP0207,Ambur Unit,Cutting,Technician,6,Night,58124,98,96.8
EMP0208,Ambur Unit,Tanning,Supervisor,24,Day,51150,96,80.6
EMP0209,Vaniyambadi Unit,Finishing,Supervisor,8,Day,29721,90,94.8
EMP0210,Ranipet Unit,Maintenance,Supervisor,15,Night,64914,92,99.6
EMP0211,Chennai Finishing,Packing,Operator,11,Day,55202,95,97.1
EMP0212,Vaniyambadi Unit,Finishing,Technician,1,Day,64768,98,92.5
EMP0213,Ranipet Unit,Tanning,Supervisor,14,Night,46463,87,76.7
EMP0214,Chennai Finishing,Finishing,Supervisor,4,Day,64916,98,73.9
EMP0215,Chennai Finishing,Packing,Technician,22,Day,21458,96,81.4
EMP0216,Vaniyambadi Unit,Quality,Technician,23,Day,56409,99,87.4
EMP0217,Vaniyambadi Unit,Maintenance,Technician,11,Day,21270,87,86.8
EMP0218,Ranipet Unit,Finishing,Supervisor,5,Night,35104,87,76.8
EMP0219,Ranipet Unit,Tanning,Operator,21,Day,26650,96,81.9
EMP0220,Vaniyambadi Unit,Packing,Supervisor,10,Day,25856,98,92.2
EMP0221,Ranipet Unit,Maintenance,Supervisor,20,Day,54310,100,98.2
EMP0222,Ambur Unit,Finishing,Supervisor,3,Night,50272,98,77.8
EMP0223,Ambur Unit,Cutting,Technician,17,Night,40525,99,85.7
EMP0224,Vaniyambadi Unit,Tanning,Supervisor,6,Day,48034,91,75.6
EMP0225,Ranipet Unit,Tanning,Operator,10,Night,30796,85,80.3
EMP0226,Vaniyambadi Unit,Finishing,Supervisor,16,Day,44345,96,90.6
EMP0227,Chennai Finishing,Finishing,Supervisor,12,Night,40831,99,86.9
EMP0228,Chennai Finishing,Cutting,Supervisor,3,Day,25100,91,70.8
EMP0229,Chennai Finishing,Quality,Technician,2,Night,48253,97,97.3
EMP0230,Ranipet Unit,Finishing,Supervisor,16,Day,40106,86,95.3
EMP0231,Ranipet Unit,Quality,Supervisor,18,Night,48917,94,71.2
EMP0232,Ranipet Unit,Cutting,Supervisor,8,Night,32090,85,75.8
EMP0233,Ranipet Unit,Maintenance,Supervisor,3,Night,30935,86,97.1
EMP0234,Ranipet Unit,Cutting,Technician,6,Day,33461,88,75.0
EMP0235,Vaniyambadi Unit,Maintenance,Operator,22,Night,54024,95,82.6
EMP0236,Ambur Unit,Quality,Technician,21,Night,39328,95,93.8
EMP0237,Vaniyambadi Unit,Maintenance,Operator,23,Day,26422,100,88.0
EMP0238,Ranipet Unit,Quality,Operator,11,Night,20815,85,80.6
EMP0239,Ambur Unit,Tanning,Operator,22,Night,18329,86,89.3
EMP0240,Chennai Finishing,Packing,Operator,1,Day,52713,95,84.7
EMP0241,Ranipet Unit,Maintenance,Supervisor,10,Day,45168,100,84.8
EMP0242,Ranipet Unit,Quality,Supervisor,16,Day,54338,96,99.3
EMP0243,Ranipet Unit,Quality,Technician,18,Night,49826,87,95.9
EMP0244,Ranipet Unit,Finishing,Technician,6,Day,52796,96,85.6
EMP0245,Vaniyambadi Unit,Finishing,Technician,10,Night,35723,86,87.6
EMP0246,Chennai Finishing,Tanning,Technician,21,Night,61881,91,97.0
EMP0247,Ranipet Unit,Maintenance,Supervisor,19,Day,35973,95,83.6
EMP0248,Ambur Unit,Finishing,Supervisor,12,Night,31392,100,83.7
EMP0249,Ambur Unit,Finishing,Technician,18,Night,38850,90,80.0
EMP0250,Ambur Unit,Packing,Operator,7,Day,30542,95,71.8
EMP0251,Ambur Unit,Maintenance,Supervisor,20,Day,48420,93,72.8
EMP0252,Ambur Unit,Maintenance,Technician,10,Day,61914,87,78.2
EMP0253,Ambur Unit,Maintenance,Operator,9,Day,56224,88,83.4
EMP0254,Ambur Unit,Maintenance,Operator,17,Night,64739,100,84.5
EMP0255,Ambur Unit,Maintenance,Technician,14,Night,24651,97,75.8
EMP0256,Ambur Unit,Cutting,Supervisor,3,Day,18632,92,77.2
EMP0257,Chennai Finishing,Finishing,Technician,18,Day,46045,97,77.4
EMP0258,Ambur Unit,Packing,Supervisor,20,Night,44614,99,80.9
EMP0259,Ambur Unit,Quality,Technician,22,Day,25126,96,85.3
EMP0260,Ranipet Unit,Packing,Operator,6,Day,38647,99,80.9
EMP0261,Ambur Unit,Quality,Operator,5,Day,33424,94,83.1
EMP0262,Chennai Finishing,Packing,Technician,15,Day,48735,100,91.7
EMP0263,Vaniyambadi Unit,Packing,Technician,18,Night,46268,93,72.5
EMP0264,Chennai Finishing,Tanning,Supervisor,22,Day,32809,98,81.2
EMP0265,Ranipet Unit,Packing,Supervisor,7,Night,39633,92,73.4
EMP0266,Ranipet Unit,Tanning,Supervisor,5,Night,41688,95,80.4
EMP0267,Ranipet Unit,Packing,Operator,5,Night,55312,88,91.3
EMP0268,Vaniyambadi Unit,Packing,Technician,18,Night,46732,86,70.2
EMP0269,Chennai Finishing,Tanning,Operator,18,Night,31363,95,86.0
EMP0270,Vaniyambadi Unit,Finishing,Technician,17,Day,23451,85,71.9
EMP0271,Chennai Finishing,Tanning,Technician,25,Night,59841,87,96.7
EMP0272,Ambur Unit,Tanning,Technician,3,Night,39377,99,92.9
EMP0273,Ranipet Unit,Quality,Technician,9,Night,60982,90,93.0
EMP0274,Vaniyambadi Unit,Finishing,Technician,8,Night,61671,93,86.6
EMP0275,Ambur Unit,Cutting,Operator,18,Day,28321,88,96.4
EMP0276,Ambur Unit,Quality,Supervisor,12,Day,29813,95,84.4
EMP0277,Ambur Unit,Cutting,Technician,3,Night,46705,92,81.1
EMP0278,Ambur Unit,Packing,Operator,24,Day,42707,85,96.8
EMP0279,Chennai Finishing,Packing,Operator,5,Day,63768,89,82.4
EMP0280,Chennai Finishing,Quality,Operator,13,Day,58158,97,87.1
EMP0281,Chennai Finishing,Cutting,Technician,4,Day,30000,85,93.4
EMP0282,Ranipet Unit,Tanning,Supervisor,21,Day,63247,90,95.1
EMP0283,Ranipet Unit,Quality,Operator,18,Night,62987,93,78.0
EMP0284,Vaniyambadi Unit,Tanning,Supervisor,9,Night,50348,92,76.9
EMP0285,Chennai Finishing,Cutting,Operator,18,Day,30475,86,73.3
EMP0286,Ambur Unit,Quality,Operator,25,Day,20010,97,74.2
EMP0287,Ambur Unit,Finishing,Technician,2,Day,38484,91,99.5
EMP0288,Ambur Unit,Packing,Technician,11,Night,22170,85,82.2
EMP0289,Chennai Finishing,Tanning,Operator,14,Day,47604,87,76.1
EMP0290,Vaniyambadi Unit,Quality,Operator,21,Night,37992,94,100.0
EMP0291,Chennai Finishing,Quality,Technician,2,Day,23654,89,83.9
EMP0292,Vaniyambadi Unit,Quality,Supervisor,2,Day,62275,86,89.0
EMP0293,Ranipet Unit,Tanning,Supervisor,9,Night,48387,96,71.5
EMP0294,Vaniyambadi Unit,Cutting,Supervisor,22,Night,52821,92,99.9
EMP0295,Vaniyambadi Unit,Maintenance,Technician,12,Night,32068,94,89.4
EMP0296,Chennai Finishing,Tanning,Operator,5,Day,48048,90,75.0
EMP0297,Ranipet Unit,Maintenance,Supervisor,23,Day,42696,94,92.6
EMP0298,Ambur Unit,Cutting,Technician,7,Night,37179,95,90.9
EMP0299,Chennai Finishing,Quality,Supervisor,7,Night,29473,94,81.8
EMP0300,Ranipet Unit,Finishing,Operator,1,Night,61108,97,79.5
EMP0301,Ranipet Unit,Cutting,Technician,13,Night,41920,94,70.9
EMP0302,Chennai Finishing,Packing,Supervisor,3,Night,18154,97,81.9
EMP0303,Ambur Unit,Cutting,Supervisor,2,Day,27151,91,83.8
EMP0304,Ranipet Unit,Finishing,Operator,9,Night,49484,90,77.0
EMP0305,Ranipet Unit,Finishing,Supervisor,10,Day,52690,98,79.3
EMP0306,Ambur Unit,Finishing,Supervisor,22,Night,32335,97,81.2
EMP0307,Ambur Unit,Maintenance,Operator,8,Day,54497,99,81.7
EMP0308,Vaniyambadi Unit,Quality,Technician,10,Day,63567,97,97.4
EMP0309,Ranipet Unit,Packing,Operator,2,Day,47124,92,91.5
EMP0310,Ranipet Unit,Tanning,Technician,22,Day,51048,92,95.8
EMP0311,Vaniyambadi Unit,Finishing,Operator,9,Day,27066,92,81.5
EMP0312,Ambur Unit,Finishing,Supervisor,3,Night,37676,97,96.5
EMP0313,Ambur Unit,Cutting,Technician,19,Night,50766,98,76.1
EMP0314,Chennai Finishing,Tanning,Operator,1,Night,42088,91,74.6
EMP0315,Chennai Finishing,Tanning,Supervisor,1,Day,56717,94,98.4
EMP0316,Ranipet Unit,Packing,Supervisor,7,Day,44171,88,83.2
EMP0317,Vaniyambadi Unit,Finishing,Supervisor,17,Day,53040,100,84.5
EMP0318,Vaniyambadi Unit,Cutting,Supervisor,23,Night,32248,99,89.1
EMP0319,Chennai Finishing,Cutting,Supervisor,14,Day,34688,88,90.3
EMP0320,Chennai Finishing,Quality,Technician,11,Day,48305,100,94.1
EMP0321,Ambur Unit,Packing,Supervisor,3,Day,36549,98,76.4
EMP0322,Ambur Unit,Maintenance,Technician,21,Day,25628,90,74.3
EMP0323,Vaniyambadi Unit,Cutting,Supervisor,8,Night,18515,89,80.1
EMP0324,Chennai Finishing,Maintenance,Supervisor,9,Day,28764,85,95.3
EMP0325,Ambur Unit,Cutting,Technician,12,Night,37203,90,96.4
EMP0326,Ambur Unit,Cutting,Supervisor,1,Day,21034,93,91.7
EMP0327,Ambur Unit,Quality,Operator,18,Night,30486,97,83.1
EMP0328,Ambur Unit,Quality,Operator,13,Day,61319,95,71.6
EMP0329,Vaniyambadi Unit,Cutting,Technician,13,Night,41812,97,97.7
EMP0330,Ranipet Unit,Cutting,Operator,16,Day,51036,85,78.6
EMP0331,Ranipet Unit,Packing,Technician,18,Night,63320,98,92.5
EMP0332,Ambur Unit,Maintenance,Supervisor,10,Day,52562,97,94.9
EMP0333,Ranipet Unit,Tanning,Technician,1,Night,25221,86,86.1
EMP0334,Vaniyambadi Unit,Cutting,Operator,12,Day,38115,99,87.4
EMP0335,Ambur Unit,Cutting,Supervisor,21,Night,55284,90,93.1
EMP0336,Ranipet Unit,Maintenance,Operator,13,Day,29867,97,87.9
EMP0337,Ranipet Unit,Maintenance,Technician,16,Night,29061,94,70.7
EMP0338,Ranipet Unit,Cutting,Supervisor,2,Night,58236,96,99.4
EMP0339,Ranipet Unit,Cutting,Operator,4,Night,52412,89,82.1
EMP0340,Ranipet Unit,Quality,Supervisor,8,Day,51843,99,85.2
EMP0341,Ranipet Unit,Cutting,Technician,1,Day,33307,96,85.9
EMP0342,Chennai Finishing,Quality,Technician,6,Night,32531,93,84.6
EMP0343,Vaniyambadi Unit,Finishing,Supervisor,13,Night,41656,94,87.9
EMP0344,Vaniyambadi Unit,Maintenance,Operator,22,Night,38021,95,98.6
EMP0345,Ambur Unit,Finishing,Technician,1,Day,64187,94,83.8
EMP0346,Ranipet Unit,Quality,Supervisor,16,Day,30198,98,97.7
EMP0347,Vaniyambadi Unit,Tanning,Operator,18,Day,34272,92,91.0
EMP0348,Vaniyambadi Unit,Tanning,Supervisor,25,Day,48164,91,71.1
EMP0349,Vaniyambadi Unit,Tanning,Supervisor,14,Night,36393,88,97.1
EMP0350,Ambur Unit,Maintenance,Operator,7,Night,30011,99,94.6
EMP0351,Chennai Finishing,Tanning,Operator,22,Night,49803,98,94.2
EMP0352,Ranipet Unit,Tanning,Technician,18,Day,18608,90,77.2
EMP0353,Ambur Unit,Maintenance,Supervisor,1,Night,62332,95,71.7
EMP0354,Ambur Unit,Tanning,Supervisor,21,Day,30061,88,95.8
EMP0355,Vaniyambadi Unit,Quality,Operator,14,Day,57811,87,86.9
EMP0356,Chennai Finishing,Tanning,Operator,22,Night,42774,96,84.9
EMP0357,Vaniyambadi Unit,Tanning,Technician,13,Day,28778,85,86.6
EMP0358,Ambur Unit,Cutting,Technician,5,Night,41609,91,95.2
EMP0359,Ambur Unit,Cutting,Supervisor,14,Day,39004,86,95.5
EMP0360,Ambur Unit,Quality,Technician,3,Night,24105,85,79.2
EMP0361,Vaniyambadi Unit,Maintenance,Supervisor,1,Day,30150,90,95.6
EMP0362,Chennai Finishing,Quality,Technician,12,Day,42773,98,88.7
EMP0363,Vaniyambadi Unit,Cutting,Technician,18,Day,20732,97,77.0
EMP0364,Chennai Finishing,Maintenance,Supervisor,15,Night,63931,85,84.7
EMP0365,Chennai Finishing,Tanning,Supervisor,11,Day,36971,85,98.6
EMP0366,Ranipet Unit,Cutting,Technician,24,Day,51759,99,72.8
EMP0367,Ranipet Unit,Maintenance,Technician,19,Night,52038,90,93.7
EMP0368,Ranipet Unit,Tanning,Operator,7,Day,43250,94,93.4
EMP0369,Ambur Unit,Quality,Operator,12,Night,63797,88,71.0
EMP0370,Vaniyambadi Unit,Tanning,Technician,10,Day,25580,98,81.6
EMP0371,Chennai Finishing,Quality,Supervisor,4,Night,24822,87,86.6
EMP0372,Ambur Unit,Cutting,Operator,25,Night,58514,85,77.4
EMP0373,Ranipet Unit,Maintenance,Technician,17,Night,24344,96,82.6
EMP0374,Ranipet Unit,Quality,Supervisor,21,Day,43696,98,78.6
EMP0375,Chennai Finishing,Maintenance,Supervisor,20,Day,64250,96,79.0
EMP0376,Vaniyambadi Unit,Tanning,Supervisor,19,Night,36264,93,76.9
EMP0377,Vaniyambadi Unit,Quality,Supervisor,2,Night,45035,88,81.3
EMP0378,Vaniyambadi Unit,Cutting,Supervisor,11,Night,20988,96,91.7
EMP0379,Ranipet Unit,Tanning,Operator,20,Day,43319,98,97.9
EMP0380,Ambur Unit,Cutting,Operator,19,Day,49118,92,74.9
EMP0381,Ambur Unit,Quality,Technician,23,Night,43600,86,95.1
EMP0382,Vaniyambadi Unit,Tanning,Supervisor,17,Day,46263,94,87.1
EMP0383,Ambur Unit,Packing,Supervisor,15,Night,29718,96,99.7
EMP0384,Vaniyambadi Unit,Cutting,Operator,7,Night,34144,90,94.5
EMP0385,Chennai Finishing,Packing,Supervisor,18,Night,46705,99,98.3
EMP0386,Chennai Finishing,Quality,Technician,19,Night,45899,86,85.5
EMP0387,Vaniyambadi Unit,Cutting,Operator,23,Day,26143,95,89.4
EMP0388,Chennai Finishing,Quality,Operator,15,Day,44387,87,83.9
EMP0389,Chennai Finishing,Cutting,Supervisor,11,Day,46783,99,70.8
EMP0390,Chennai Finishing,Packing,Supervisor,4,Night,32896,93,88.0
EMP0391,Ambur Unit,Tanning,Technician,8,Day,26198,98,98.2
EMP0392,Chennai Finishing,Maintenance,Technician,7,Night,46136,97,92.6
EMP0393,Ranipet Unit,Packing,Supervisor,15,Day,26866,93,87.4
EMP0394,Vaniyambadi Unit,Tanning,Operator,23,Night,23404,94,80.7
EMP0395,Chennai Finishing,Cutting,Technician,6,Night,25661,98,92.9
EMP0396,Chennai Finishing,Packing,Technician,24,Day,34663,100,90.6
EMP0397,Ranipet Unit,Tanning,Supervisor,13,Night,38723,92,88.9
EMP0398,Vaniyambadi Unit,Quality,Technician,3,Day,51567,93,89.7
EMP0399,Ranipet Unit,Quality,Supervisor,10,Day,56373,88,93.7
EMP0400,Ambur Unit,Finishing,Supervisor,15,Day,53638,94,74.3
EMP0401,Ranipet Unit,Maintenance,Supervisor,6,Day,54683,85,74.4
EMP0402,Ranipet Unit,Maintenance,Operator,2,Night,44814,98,75.2
EMP0403,Ranipet Unit,Tanning,Technician,15,Day,27643,94,70.5
EMP0404,Ambur Unit,Maintenance,Supervisor,25,Night,64012,99,86.0
EMP0405,Ambur Unit,Packing,Operator,3,Night,62540,88,83.6
EMP0406,Ranipet Unit,Tanning,Technician,23,Day,44823,92,97.6
EMP0407,Ranipet Unit,Maintenance,Operator,9,Day,28518,98,83.8
EMP0408,Ranipet Unit,Cutting,Technician,12,Night,35930,97,98.5
EMP0409,Ranipet Unit,Finishing,Technician,23,Night,63178,99,70.8
EMP0410,Ambur Unit,Quality,Supervisor,5,Night,34512,100,96.7
EMP0411,Vaniyambadi Unit,Cutting,Supervisor,15,Night,42090,86,78.6
EMP0412,Ranipet Unit,Maintenance,Supervisor,10,Night,53051,92,78.1
EMP0413,Ranipet Unit,Cutting,Supervisor,10,Night,38271,91,78.1
EMP0414,Vaniyambadi Unit,Finishing,Technician,11,Night,58707,98,71.5
EMP0415,Ambur Unit,Tanning,Operator,20,Night,40117,90,91.3
EMP0416,Vaniyambadi Unit,Tanning,Technician,7,Night,39513,86,99.1
EMP0417,Ranipet Unit,Tanning,Technician,15,Night,36725,97,78.4
EMP0418,Ranipet Unit,Maintenance,Operator,21,Day,33248,89,90.8
EMP0419,Ranipet Unit,Packing,Supervisor,11,Day,32518,95,99.0
EMP0420,Ambur Unit,Tanning,Operator,17,Night,41794,87,94.8
EMP0421,Ranipet Unit,Maintenance,Operator,14,Night,20083,90,86.3
EMP0422,Ranipet Unit,Finishing,Supervisor,9,Night,53006,98,77.2
EMP0423,Ranipet Unit,Cutting,Technician,12,Day,63951,94,70.7
EMP0424,Vaniyambadi Unit,Tanning,Technician,12,Day,40653,98,76.5
EMP0425,Ranipet Unit,Tanning,Technician,24,Day,22982,88,80.2
EMP0426,Ranipet Unit,Cutting,Supervisor,4,Day,35225,95,95.6
EMP0427,Vaniyambadi Unit,Quality,Technician,18,Day,36871,94,87.4
EMP0428,Ranipet Unit,Maintenance,Supervisor,25,Night,58381,98,74.5
EMP0429,Ranipet Unit,Quality,Operator,18,Day,30154,93,97.8
EMP0430,Vaniyambadi Unit,Tanning,Operator,11,Day,52749,86,85.9
EMP0431,Chennai Finishing,Quality,Technician,3,Day,27804,94,99.1
EMP0432,Ambur Unit,Quality,Operator,20,Night,61557,97,77.7
EMP0433,Chennai Finishing,Cutting,Technician,7,Day,62055,96,80.1
EMP0434,Ranipet Unit,Finishing,Technician,12,Day,36412,89,76.8
EMP0435,Ambur Unit,Tanning,Operator,2,Day,46520,95,93.7
EMP0436,Vaniyambadi Unit,Cutting,Supervisor,6,Day,52896,97,86.2
EMP0437,Vaniyambadi Unit,Cutting,Technician,14,Night,45557,95,84.5
EMP0438,Vaniyambadi Unit,Quality,Supervisor,24,Day,22846,97,90.1
EMP0439,Chennai Finishing,Finishing,Supervisor,16,Night,41541,95,86.7
EMP0440,Ranipet Unit,Maintenance,Technician,13,Day,20129,85,79.1
EMP0441,Ambur Unit,Packing,Technician,8,Night,27556,96,93.8
EMP0442,Vaniyambadi Unit,Cutting,Supervisor,21,Day,33811,100,97.6
EMP0443,Ambur Unit,Quality,Supervisor,8,Night,54202,86,79.3
EMP0444,Ranipet Unit,Quality,Supervisor,22,Night,28593,87,97.0
EMP0445,Ambur Unit,Finishing,Technician,3,Day,22191,96,93.0
EMP0446,Vaniyambadi Unit,Quality,Operator,23,Day,37854,93,77.3
EMP0447,Ambur Unit,Packing,Operator,21,Night,32238,85,78.6
EMP0448,Ranipet Unit,Quality,Supervisor,9,Day,25641,91,95.0
EMP0449,Vaniyambadi Unit,Finishing,Operator,15,Night,40052,99,79.1
EMP0450,Vaniyambadi Unit,Finishing,Operator,9,Night,26203,97,88.7
EMP0451,Ranipet Unit,Packing,Technician,14,Night,64383,99,83.5
EMP0452,Vaniyambadi Unit,Cutting,Supervisor,3,Day,58192,97,92.2
EMP0453,Chennai Finishing,Maintenance,Operator,13,Day,19868,90,71.4
EMP0454,Ranipet Unit,Finishing,Operator,16,Day,29130,92,84.8
EMP0455,Vaniyambadi Unit,Packing,Operator,21,Day,52743,86,98.2
EMP0456,Chennai Finishing,Finishing,Operator,16,Night,62408,87,93.8
EMP0457,Vaniyambadi Unit,Finishing,Operator,1,Day,36102,90,90.1
EMP0458,Ranipet Unit,Quality,Supervisor,25,Day,50032,93,77.8
EMP0459,Chennai Finishing,Maintenance,Technician,12,Day,60838,91,90.8
EMP0460,Vaniyambadi Unit,Finishing,Supervisor,17,Night,21694,85,95.1
EMP0461,Ambur Unit,Tanning,Operator,1,Day,47631,87,75.1
EMP0462,Ranipet Unit,Quality,Supervisor,10,Day,25947,95,97.2
EMP0463,Ranipet Unit,Finishing,Technician,9,Day,20270,93,79.9
EMP0464,Vaniyambadi Unit,Finishing,Supervisor,21,Day,39766,97,95.4
EMP0465,Ambur Unit,Packing,Operator,10,Day,19563,89,87.8
EMP0466,Ambur Unit,Quality,Operator,24,Night,35118,97,84.5
EMP0467,Vaniyambadi Unit,Quality,Supervisor,21,Day,57015,95,81.3
EMP0468,Ambur Unit,Cutting,Supervisor,16,Day,64895,92,80.2
EMP0469,Vaniyambadi Unit,Cutting,Supervisor,13,Day,19891,94,78.8
EMP0470,Chennai Finishing,Cutting,Technician,1,Day,61773,86,75.4
EMP0471,Chennai Finishing,Maintenance,Technician,15,Day,60890,90,78.0
EMP0472,Chennai Finishing,Cutting,Technician,2,Night,51515,99,84.0
EMP0473,Chennai Finishing,Cutting,Supervisor,8,Day,45929,96,80.4
EMP0474,Chennai Finishing,Finishing,Technician,13,Day,46625,96,90.6
EMP0475,Ambur Unit,Maintenance,Operator,16,Night,31562,93,97.1
EMP0476,Ranipet Unit,Tanning,Operator,25,Night,37111,93,99.4
EMP0477,Ambur Unit,Maintenance,Operator,15,Day,54627,94,76.5
EMP0478,Ranipet Unit,Maintenance,Technician,2,Day,29326,94,73.8
EMP0479,Chennai Finishing,Finishing,Operator,9,Day,29339,95,97.9
EMP0480,Vaniyambadi Unit,Packing,Supervisor,21,Night,58947,99,97.8
EMP0481,Chennai Finishing,Quality,Technician,15,Night,49929,98,88.7
EMP0482,Chennai Finishing,Tanning,Operator,15,Day,63678,94,93.4
EMP0483,Ranipet Unit,Maintenance,Operator,19,Night,38965,98,77.0
EMP0484,Chennai Finishing,Cutting,Operator,8,Day,58973,100,74.4
EMP0485,Chennai Finishing,Quality,Supervisor,22,Day,61913,95,77.7
EMP0486,Ranipet Unit,Maintenance,Technician,24,Night,41809,100,83.9
EMP0487,Ranipet Unit,Quality,Technician,14,Night,18159,97,90.1
EMP0488,Vaniyambadi Unit,Tanning,Technician,19,Day,23885,87,94.9
EMP0489,Vaniyambadi Unit,Quality,Technician,23,Day,34163,87,87.1
EMP0490,Ambur Unit,Finishing,Supervisor,19,Day,60826,88,83.0
EMP0491,Ranipet Unit,Quality,Operator,11,Night,29102,95,77.7
EMP0492,Chennai Finishing,Packing,Supervisor,16,Night,45108,97,98.6
EMP0493,Ambur Unit,Packing,Operator,19,Day,24086,93,88.1
EMP0494,Ranipet Unit,Tanning,Supervisor,7,Night,19480,91,74.2
EMP0495,Ranipet Unit,Maintenance,Supervisor,13,Night,22518,87,76.3
EMP0496,Vaniyambadi Unit,Tanning,Technician,8,Night,31243,93,82.9
EMP0497,Chennai Finishing,Maintenance,Supervisor,15,Day,62460,95,80.4
EMP0498,Chennai Finishing,Tanning,Operator,4,Night,33304,91,71.3
EMP0499,Ambur Unit,Packing,Supervisor,2,Night,49698,100,70.5
EMP0500,Vaniyambadi Unit,Maintenance,Technician,1,Night,28777,90,77.2
EMP0501,Vaniyambadi Unit,Finishing,Technician,15,Day,31432,93,96.9
EMP0502,Chennai Finishing,Packing,Technician,11,Day,45463,99,98.1
EMP0503,Vaniyambadi Unit,Quality,Technician,19,Night,54391,100,86.3
EMP0504,Ranipet Unit,Finishing,Supervisor,11,Night,20603,88,87.4
EMP0505,Ranipet Unit,Maintenance,Supervisor,7,Day,43640,87,87.1
EMP0506,Ambur Unit,Cutting,Supervisor,24,Night,41331,96,73.1
EMP0507,Vaniyambadi Unit,Finishing,Technician,22,Day,64753,97,94.9
EMP0508,Ranipet Unit,Tanning,Technician,4,Night,52014,90,83.4
EMP0509,Ranipet Unit,Tanning,Supervisor,13,Day,46340,97,90.3
EMP0510,Ambur Unit,Quality,Supervisor,22,Night,52052,90,75.5
EMP0511,Chennai Finishing,Tanning,Supervisor,4,Night,32333,93,97.3
EMP0512,Chennai Finishing,Packing,Supervisor,23,Day,27065,98,73.1
EMP0513,Chennai Finishing,Cutting,Operator,21,Day,61790,94,99.8
EMP0514,Chennai Finishing,Quality,Operator,3,Night,57051,99,99.0
EMP0515,Vaniyambadi Unit,Maintenance,Operator,18,Night,57298,86,74.6
EMP0516,Chennai Finishing,Quality,Operator,4,Night,18111,97,77.0
EMP0517,Chennai Finishing,Finishing,Operator,13,Day,36213,97,99.0
EMP0518,Vaniyambadi Unit,Maintenance,Supervisor,20,Night,33962,94,75.4
EMP0519,Ambur Unit,Tanning,Technician,23,Day,52178,89,97.1
EMP0520,Chennai Finishing,Tanning,Technician,4,Day,60509,100,79.5
EMP0521,Chennai Finishing,Cutting,Technician,10,Day,35189,96,76.5
EMP0522,Ambur Unit,Packing,Technician,14,Night,59130,92,95.7
EMP0523,Chennai Finishing,Packing,Operator,2,Night,32402,93,79.2
EMP0524,Vaniyambadi Unit,Packing,Operator,25,Night,30320,93,79.4
EMP0525,Vaniyambadi Unit,Maintenance,Technician,8,Day,47759,100,78.8
EMP0526,Vaniyambadi Unit,Maintenance,Technician,15,Night,51362,88,81.5
EMP0527,Ambur Unit,Finishing,Operator,16,Night,18380,90,74.5
EMP0528,Ambur Unit,Tanning,Operator,25,Night,20388,91,96.8
EMP0529,Ambur Unit,Finishing,Supervisor,1,Night,59315,96,92.4
EMP0530,Ranipet Unit,Tanning,Operator,12,Day,43125,100,85.1
EMP0531,Ranipet Unit,Finishing,Technician,13,Day,37745,88,89.4
EMP0532,Chennai Finishing,Maintenance,Technician,6,Day,29613,90,91.8
EMP0533,Ambur Unit,Quality,Supervisor,20,Night,62493,93,94.8
EMP0534,Ranipet Unit,Packing,Supervisor,5,Day,40875,99,98.4
EMP0535,Ranipet Unit,Maintenance,Supervisor,25,Night,28287,88,71.6
EMP0536,Ambur Unit,Tanning,Technician,16,Day,60724,88,70.7
EMP0537,Ranipet Unit,Cutting,Supervisor,12,Day,48253,88,77.3
EMP0538,Vaniyambadi Unit,Maintenance,Supervisor,7,Night,37348,89,86.9
EMP0539,Ranipet Unit,Quality,Supervisor,15,Day,21012,86,98.9
EMP0540,Vaniyambadi Unit,Tanning,Supervisor,4,Night,53961,88,96.3
EMP0541,Chennai Finishing,Tanning,Supervisor,24,Night,56828,92,97.5
EMP0542,Ambur Unit,Tanning,Supervisor,25,Day,51933,95,73.3
EMP0543,Ambur Unit,Quality,Supervisor,25,Day,20276,94,79.3
EMP0544,Vaniyambadi Unit,Maintenance,Operator,22,Day,30039,94,88.2
EMP0545,Vaniyambadi Unit,Cutting,Operator,24,Day,63265,92,86.7
EMP0546,Ambur Unit,Finishing,Supervisor,15,Night,48698,89,77.4
EMP0547,Vaniyambadi Unit,Packing,Supervisor,22,Night,29990,93,90.2
EMP0548,Chennai Finishing,Maintenance,Operator,9,Night,48497,90,87.2
EMP0549,Ranipet Unit,Tanning,Technician,12,Night,37998,100,71.7
EMP0550,Vaniyambadi Unit,Packing,Supervisor,11,Night,53898,87,83.5
EMP0551,Ambur Unit,Packing,Supervisor,8,Day,47483,95,78.1
EMP0552,Vaniyambadi Unit,Maintenance,Operator,6,Day,18354,97,91.0
EMP0553,Chennai Finishing,Tanning,Supervisor,11,Day,62974,91,92.9
EMP0554,Vaniyambadi Unit,Finishing,Operator,6,Day,36251,87,95.1
EMP0555,Vaniyambadi Unit,Cutting,Operator,12,Day,55992,90,85.6
EMP0556,Chennai Finishing,Maintenance,Operator,6,Night,25036,95,73.1
EMP0557,Vaniyambadi Unit,Packing,Technician,16,Day,30617,89,82.8
EMP0558,Vaniyambadi Unit,Maintenance,Operator,19,Day,64650,88,82.3
EMP0559,Chennai Finishing,Finishing,Technician,21,Night,47452,97,75.1
EMP0560,Chennai Finishing,Quality,Technician,21,Night,55370,92,90.9
EMP0561,Ambur Unit,Packing,Operator,1,Day,30758,86,78.1
EMP0562,Vaniyambadi Unit,Quality,Operator,11,Night,42040,98,81.8
EMP0563,Chennai Finishing,Packing,Technician,23,Night,56734,94,92.1
EMP0564,Chennai Finishing,Tanning,Technician,12,Night,30274,89,83.5
EMP0565,Chennai Finishing,Maintenance,Technician,16,Night,32270,99,83.9
EMP0566,Ranipet Unit,Cutting,Technician,7,Night,37818,93,89.2
EMP0567,Ranipet Unit,Maintenance,Supervisor,25,Day,50330,90,96.5
EMP0568,Ranipet Unit,Tanning,Operator,10,Day,44320,87,82.4
EMP0569,Ambur Unit,Maintenance,Technician,2,Night,51527,90,93.1
EMP0570,Vaniyambadi Unit,Quality,Supervisor,8,Day,61687,97,96.0
EMP0571,Ambur Unit,Maintenance,Operator,9,Day,58756,98,77.1
EMP0572,Ambur Unit,Tanning,Supervisor,8,Day,61012,99,97.3
EMP0573,Vaniyambadi Unit,Maintenance,Technician,24,Night,61875,88,90.9
EMP0574,Vaniyambadi Unit,Packing,Technician,25,Day,26920,89,84.0
EMP0575,Chennai Finishing,Packing,Technician,2,Day,27790,88,93.3
EMP0576,Chennai Finishing,Quality,Technician,6,Night,41401,95,81.2
EMP0577,Chennai Finishing,Tanning,Technician,4,Day,61486,98,93.0
EMP0578,Chennai Finishing,Quality,Supervisor,3,Day,28614,97,88.9
EMP0579,Ranipet Unit,Maintenance,Technician,6,Night,22062,97,71.0
EMP0580,Ambur Unit,Quality,Operator,13,Night,42511,99,72.5
EMP0581,Ranipet Unit,Cutting,Technician,4,Night,18131,97,99.1
EMP0582,Ambur Unit,Finishing,Technician,12,Night,43089,91,87.4
EMP0583,Chennai Finishing,Tanning,Technician,8,Day,43511,86,87.8
EMP0584,Ranipet Unit,Tanning,Operator,7,Day,52586,94,72.3
EMP0585,Chennai Finishing,Cutting,Supervisor,3,Night,34704,87,96.3
EMP0586,Vaniyambadi Unit,Finishing,Supervisor,7,Night,58328,86,80.9
EMP0587,Vaniyambadi Unit,Packing,Supervisor,17,Night,24277,88,85.4
EMP0588,Ranipet Unit,Packing,Operator,5,Night,52123,86,90.9
EMP0589,Chennai Finishing,Quality,Technician,18,Night,51453,88,75.9
EMP0590,Ambur Unit,Packing,Technician,12,Night,23937,99,80.4
EMP0591,Ranipet Unit,Packing,Supervisor,2,Night,26580,92,99.2
EMP0592,Chennai Finishing,Cutting,Supervisor,3,Night,56874,98,94.6
EMP0593,Chennai Finishing,Maintenance,Operator,2,Night,45265,90,71.5
EMP0594,Ambur Unit,Tanning,Operator,18,Day,25069,100,92.2
EMP0595,Ambur Unit,Finishing,Supervisor,20,Day,42415,89,92.5
EMP0596,Chennai Finishing,Cutting,Operator,17,Day,40563,94,80.5
EMP0597,Chennai Finishing,Tanning,Technician,1,Day,55505,89,71.5
EMP0598,Ranipet Unit,Finishing,Operator,8,Day,50949,94,79.6
EMP0599,Ranipet Unit,Quality,Operator,16,Night,57716,94,84.4
EMP0600,Vaniyambadi Unit,Maintenance,Operator,13,Day,27927,97,96.7
EMP0601,Ambur Unit,Tanning,Operator,13,Night,53557,99,85.0
EMP0602,Ambur Unit,Cutting,Operator,19,Night,27168,87,98.7
EMP0603,Ranipet Unit,Packing,Technician,5,Day,43762,89,81.7
EMP0604,Vaniyambadi Unit,Quality,Supervisor,5,Day,32261,92,71.1
EMP0605,Ambur Unit,Packing,Technician,9,Day,47447,94,88.1
EMP0606,Chennai Finishing,Maintenance,Operator,5,Day,35486,89,96.8
EMP0607,Vaniyambadi Unit,Maintenance,Operator,19,Day,26067,86,97.7
EMP0608,Vaniyambadi Unit,Maintenance,Technician,6,Night,51397,92,74.9
EMP0609,Vaniyambadi Unit,Finishing,Supervisor,4,Night,61342,90,93.6
EMP0610,Chennai Finishing,Packing,Operator,12,Night,19152,90,81.8
EMP0611,Chennai Finishing,Packing,Supervisor,11,Day,29968,99,73.9
EMP0612,Vaniyambadi Unit,Quality,Operator,20,Night,31354,89,88.5
EMP0613,Ambur Unit,Packing,Technician,4,Night,40264,89,80.3
EMP0614,Ambur Unit,Finishing,Technician,20,Day,33021,89,79.2
EMP0615,Chennai Finishing,Tanning,Technician,5,Day,30291,98,92.4
EMP0616,Vaniyambadi Unit,Maintenance,Supervisor,4,Night,58249,93,71.1
EMP0617,Vaniyambadi Unit,Cutting,Supervisor,24,Night,50306,89,81.1
EMP0618,Chennai Finishing,Maintenance,Supervisor,13,Day,54334,94,95.9
EMP0619,Vaniyambadi Unit,Finishing,Supervisor,11,Day,47625,90,78.3
EMP0620,Vaniyambadi Unit,Cutting,Supervisor,4,Day,40025,100,73.0
EMP0621,Vaniyambadi Unit,Maintenance,Operator,1,Night,49151,96,99.3
EMP0622,Chennai Finishing,Maintenance,Technician,16,Day,43420,94,87.3
EMP0623,Chennai Finishing,Packing,Operator,17,Night,63061,98,85.7
EMP0624,Chennai Finishing,Finishing,Technician,10,Night,31167,91,93.4
EMP0625,Chennai Finishing,Tanning,Operator,13,Night,53805,97,81.7
EMP0626,Ambur Unit,Cutting,Operator,9,Day,47695,99,98.0
EMP0627,Chennai Finishing,Packing,Technician,20,Day,50879,99,99.4
EMP0628,Vaniyambadi Unit,Maintenance,Technician,25,Day,46707,88,71.7
EMP0629,Chennai Finishing,Maintenance,Technician,10,Day,51706,87,90.4
EMP0630,Chennai Finishing,Tanning,Supervisor,9,Night,19626,97,84.9
EMP0631,Vaniyambadi Unit,Finishing,Supervisor,16,Night,29403,86,79.0
EMP0632,Ranipet Unit,Tanning,Supervisor,18,Night,36292,87,87.2
EMP0633,Vaniyambadi Unit,Quality,Supervisor,17,Day,49486,88,94.4
EMP0634,Chennai Finishing,Maintenance,Technician,18,Day,26180,87,76.2
EMP0635,Ambur Unit,Quality,Supervisor,18,Night,25027,93,81.8
EMP0636,Ranipet Unit,Quality,Operator,25,Night,18774,93,77.7
EMP0637,Ranipet Unit,Quality,Supervisor,14,Day,51864,90,91.9
EMP0638,Vaniyambadi Unit,Maintenance,Operator,24,Day,59414,93,76.6
EMP0639,Ambur Unit,Finishing,Supervisor,18,Night,36158,89,76.4
EMP0640,Chennai Finishing,Tanning,Operator,25,Day,48739,89,91.6
EMP0641,Ranipet Unit,Finishing,Operator,7,Night,32053,86,72.7
EMP0642,Ambur Unit,Finishing,Technician,8,Night,47905,89,99.1
EMP0643,Chennai Finishing,Packing,Operator,2,Day,63341,86,72.9
EMP0644,Vaniyambadi Unit,Maintenance,Supervisor,22,Night,33483,99,81.6
EMP0645,Chennai Finishing,Packing,Technician,2,Night,38276,92,92.8
EMP0646,Ambur Unit,Cutting,Supervisor,12,Day,34507,98,77.2
EMP0647,Ambur Unit,Tanning,Operator,10,Night,44180,92,96.4
EMP0648,Ranipet Unit,Tanning,Technician,8,Day,57562,94,77.9
EMP0649,Chennai Finishing,Quality,Supervisor,18,Day,22364,85,95.1
EMP0650,Ranipet Unit,Finishing,Technician,9,Night,36620,86,99.2
EMP0651,Ranipet Unit,Cutting,Technician,8,Night,36341,98,87.5
EMP0652,Vaniyambadi Unit,Quality,Technician,5,Night,38105,95,89.3
EMP0653,Ranipet Unit,Finishing,Operator,22,Day,61864,88,95.6
EMP0654,Vaniyambadi Unit,Packing,Technician,12,Night,62102,98,74.7
EMP0655,Ambur Unit,Tanning,Supervisor,3,Day,26079,90,88.8
EMP0656,Ambur Unit,Finishing,Technician,10,Day,64478,88,82.4
EMP0657,Ambur Unit,Finishing,Technician,15,Night,58125,92,81.2
EMP0658,Vaniyambadi Unit,Quality,Supervisor,3,Day,47878,88,94.8
EMP0659,Vaniyambadi Unit,Finishing,Supervisor,13,Day,20740,96,83.7
EMP0660,Ambur Unit,Packing,Technician,13,Day,54443,100,97.8
EMP0661,Ranipet Unit,Cutting,Operator,8,Night,57851,90,73.6
EMP0662,Ranipet Unit,Maintenance,Supervisor,25,Night,39514,90,85.7
EMP0663,Ranipet Unit,Cutting,Supervisor,22,Night,28217,88,75.2
EMP0664,Ambur Unit,Cutting,Technician,25,Night,56816,92,80.9
EMP0665,Ranipet Unit,Finishing,Supervisor,10,Day,19999,97,87.8
EMP0666,Vaniyambadi Unit,Packing,Supervisor,13,Night,25227,92,99.6
EMP0667,Chennai Finishing,Packing,Supervisor,13,Night,61011,93,82.4
EMP0668,Vaniyambadi Unit,Quality,Operator,11,Day,22077,93,75.4
EMP0669,Vaniyambadi Unit,Finishing,Operator,10,Day,52371,89,92.7
EMP0670,Ambur Unit,Cutting,Technician,13,Night,29592,90,72.4
EMP0671,Vaniyambadi Unit,Tanning,Technician,4,Day,64705,85,92.7
EMP0672,Vaniyambadi Unit,Quality,Technician,13,Night,38633,86,88.7
EMP0673,Chennai Finishing,Quality,Technician,5,Night,51269,99,79.6
EMP0674,Ranipet Unit,Tanning,Operator,2,Day,51952,93,89.1
EMP0675,Ambur Unit,Maintenance,Supervisor,10,Night,34676,87,96.4
EMP0676,Ranipet Unit,Maintenance,Technician,13,Night,45328,85,83.0
EMP0677,Ranipet Unit,Finishing,Supervisor,17,Night,28718,85,74.0
EMP0678,Ambur Unit,Finishing,Supervisor,9,Night,18606,97,79.4
EMP0679,Vaniyambadi Unit,Tanning,Operator,22,Day,57950,94,91.6
EMP0680,Ambur Unit,Tanning,Supervisor,20,Night,55687,85,75.8
EMP0681,Ambur Unit,Tanning,Technician,22,Night,48980,95,98.5
EMP0682,Vaniyambadi Unit,Packing,Technician,16,Night,58801,91,92.8
EMP0683,Ranipet Unit,Tanning,Supervisor,19,Day,36455,91,79.7
EMP0684,Ambur Unit,Finishing,Operator,25,Day,33325,100,71.3
EMP0685,Vaniyambadi Unit,Tanning,Supervisor,24,Day,40289,99,79.7
EMP0686,Ranipet Unit,Quality,Operator,3,Night,59222,89,73.6
EMP0687,Ranipet Unit,Cutting,Operator,4,Day,55928,88,99.4
EMP0688,Ambur Unit,Packing,Technician,23,Day,48333,87,98.2
EMP0689,Ranipet Unit,Quality,Supervisor,15,Day,24276,85,74.0
EMP0690,Ranipet Unit,Finishing,Operator,23,Night,24372,89,83.6
EMP0691,Chennai Finishing,Cutting,Supervisor,9,Night,27497,90,70.7
EMP0692,Chennai Finishing,Quality,Supervisor,4,Night,54443,94,82.0
EMP0693,Ambur Unit,Finishing,Technician,7,Night,30263,98,72.6
EMP0694,Chennai Finishing,Finishing,Supervisor,3,Night,21869,95,99.5
EMP0695,Ambur Unit,Packing,Technician,22,Night,35051,92,95.4
EMP0696,Vaniyambadi Unit,Cutting,Operator,17,Day,41691,86,76.4
EMP0697,Vaniyambadi Unit,Cutting,Operator,1,Night,27790,85,87.9
EMP0698,Ambur Unit,Packing,Operator,11,Night,23435,100,94.9
EMP0699,Ambur Unit,Maintenance,Supervisor,9,Day,35290,95,90.6
EMP0700,Ambur Unit,Quality,Supervisor,6,Night,42251,94,92.9
