Machine_ID,Machine_Type,Factory_ID,Installation_Date,Downtime_Hours,Maintenance_Cost,Running_Hours,Breakdown_Count
MAC0001,Embossing,Vaniyambadi Unit,2025-06-18,21.8,26753,2899,11
MAC0002,Spraying,Ambur Unit,2024-02-04,13.4,31104,5667,0
MAC0003,Drying,Ranipet Unit,2024-02-09,62.6,39016,2304,8
MAC0004,Drying,Ranipet Unit,2024-09-18,49.1,59436,7277,3
MAC0005,Spraying,Chennai Finishing,2025-09-11,28.1,88078,6673,2
MAC0006,Drying,Vaniyambadi Unit,2025-06-17,11.4,45551,3387,9
MAC0007,Buffing,Chennai Finishing,2024-01-05,50.0,17747,3714,6
MAC0008,Spraying,Chennai Finishing,2024-04-22,20.7,51447,7977,2
MAC0009,Spraying,Ranipet Unit,2024-07-14,74.6,10005,2372,12
MAC0010,Embossing,Chennai Finishing,2025-10-25,22.1,60820,7966,2
MAC0011,Spraying,Ranipet Unit,2024-01-18,49.2,9356,1362,8
MAC0012,Spraying,Chennai Finishing,2024-09-10,77.6,63131,4057,11
MAC0013,Shaving,Vaniyambadi Unit,2024-03-21,16.9,71841,2120,8
MAC0014,Buffing,Vaniyambadi Unit,2024-04-02,39.7,23218,4680,7
MAC0015,Embossing,Ranipet Unit,2025-03-30,76.3,5061,3845,3
MAC0016,Buffing,Chennai Finishing,2024-05-22,72.9,68272,4427,10
MAC0017,Drying,Chennai Finishing,2024-09-25,70.4,56960,6906,9
MAC0018,Splitting,Ranipet Unit,2024-10-06,43.4,61187,4037,7
MAC0019,Embossing,Ranipet Unit,2024-10-20,67.6,76826,4759,5
MAC0020,Buffing,Ranipet Unit,2024-01-03,39.7,14924,1737,6
MAC0021,Buffing,Ranipet Unit,2024-08-05,26.2,54091,1355,5
MAC0022,Shaving,Vaniyambadi Unit,2024-02-01,76.1,63261,6951,6
MAC0023,Drying,Vaniyambadi Unit,2025-07-18,44.4,42460,5332,9
MAC0024,Spraying,Ambur Unit,2025-01-08,10.2,11321,7436,0
MAC0025,Drying,Chennai Finishing,2025-04-25,50.2,74491,6526,3
MAC0026,Drying,Ranipet Unit,2025-03-12,63.3,33376,5971,9
MAC0027,Embossing,Ambur Unit,2024-11-17,2.6,10078,2484,3
MAC0028,Splitting,Ambur Unit,2024-11-17,23.7,87351,3038,4
MAC0029,Shaving,Ambur Unit,2024-09-15,40.0,41447,2957,2
MAC0030,Drying,Vaniyambadi Unit,2025-03-07,78.8,60653,3591,2
MAC0031,Shaving,Chennai Finishing,2025-10-27,37.3,66861,4294,11
MAC0032,Buffing,Vaniyambadi Unit,2025-05-13,53.8,64956,6994,6
MAC0033,Drying,Ranipet Unit,2024-07-03,43.0,84481,2843,12
MAC0034,Splitting,Ambur Unit,2025-10-05,35.4,64559,7563,2
MAC0035,Spraying,Vaniyambadi Unit,2024-06-29,72.9,69109,3967,4
MAC0036,Spraying,Ambur Unit,2025-10-04,15.7,85971,6431,5
MAC0037,Embossing,Ranipet Unit,2024-11-19,47.9,50666,3189,5
MAC0038,Splitting,Ranipet Unit,2024-03-26,11.6,91532,6591,10
MAC0039,Shaving,Ambur Unit,2024-06-10,61.4,84665,3989,4
MAC0040,Drying,Chennai Finishing,2024-03-03,19.3,15769,6888,9
MAC0041,Drying,Ambur Unit,2025-07-27,33.6,19423,3345,12
MAC0042,Spraying,Chennai Finishing,2025-06-01,32.9,34720,3808,2
MAC0043,Drying,Chennai Finishing,2024-09-20,75.5,98570,7357,4
MAC0044,Drying,Vaniyambadi Unit,2025-01-12,31.9,45894,7217,1
MAC0045,Shaving,Ranipet Unit,2024-05-21,25.8,96568,7600,7
MAC0046,Drying,Vaniyambadi Unit,2024-05-31,42.6,40035,6087,8
MAC0047,Splitting,Ambur Unit,2025-01-04,73.5,20085,2091,7
MAC0048,Splitting,Ambur Unit,2025-05-29,22.0,64145,6130,4
MAC0049,Buffing,Chennai Finishing,2025-10-29,51.9,86927,2865,3
MAC0050,Splitting,Ambur Unit,2025-10-01,33.0,73609,6997,6
MAC0051,Buffing,Ranipet Unit,2024-01-16,29.2,29675,7141,12
MAC0052,Buffing,Vaniyambadi Unit,2024-08-29,6.6,47785,5280,12
MAC0053,Shaving,Ranipet Unit,2025-11-30,32.9,88455,2543,8
MAC0054,Splitting,Ambur Unit,2024-12-06,43.5,36343,7333,0
MAC0055,Spraying,Ambur Unit,2024-12-29,42.2,34936,7791,12
MAC0056,Spraying,Chennai Finishing,2024-04-01,7.4,57352,2790,2
MAC0057,Drying,Ambur Unit,2025-07-02,54.5,82462,1689,2
MAC0058,Spraying,Chennai Finishing,2024-10-15,44.0,9734,7167,7
MAC0059,Embossing,Vaniyambadi Unit,2024-07-16,17.2,16396,6868,3
MAC0060,Embossing,Vaniyambadi Unit,2024-06-28,70.6,97137,3633,0
MAC0061,Drying,Chennai Finishing,2024-10-29,29.9,59506,2864,2
MAC0062,Drying,Ambur Unit,2025-06-14,48.7,46259,7885,4
MAC0063,Embossing,Vaniyambadi Unit,2025-06-12,71.6,16332,7505,7
MAC0064,Splitting,Vaniyambadi Unit,2025-05-23,51.9,5376,4795,7
MAC0065,Spraying,Chennai Finishing,2025-04-11,67.0,38487,4721,10
MAC0066,Drying,Ambur Unit,2024-06-26,14.2,96821,1258,4
MAC0067,Spraying,Chennai Finishing,2024-03-16,12.9,92189,5631,10
MAC0068,Buffing,Ambur Unit,2025-07-10,56.0,21554,1844,12
MAC0069,Spraying,Chennai Finishing,2024-12-10,34.4,57961,2042,12
MAC0070,Shaving,Ranipet Unit,2024-12-20,42.5,13165,2699,6
MAC0071,Shaving,Ranipet Unit,2025-10-03,40.4,71855,2341,11
MAC0072,Splitting,Ranipet Unit,2025-11-13,17.4,12077,4998,3
MAC0073,Buffing,Ambur Unit,2024-12-13,54.0,49014,5694,10
MAC0074,Splitting,Ranipet Unit,2024-02-21,15.5,8116,6183,4
MAC0075,Spraying,Vaniyambadi Unit,2024-01-14,78.8,99427,6809,10
MAC0076,Splitting,Ambur Unit,2024-06-24,52.4,66101,6363,3
MAC0077,Spraying,Ambur Unit,2024-04-05,75.6,78970,3753,9
MAC0078,Splitting,Ranipet Unit,2024-09-30,8.9,44064,4301,2
MAC0079,Spraying,Ranipet Unit,2024-05-13,79.1,33949,5881,6
MAC0080,Splitting,Chennai Finishing,2024-07-25,30.8,93203,2003,2
MAC0081,Splitting,Chennai Finishing,2025-10-20,49.2,48527,5877,0
MAC0082,Buffing,Vaniyambadi Unit,2025-08-29,72.0,87081,7098,9
MAC0083,Buffing,Chennai Finishing,2024-06-17,28.8,52060,2230,8
MAC0084,Buffing,Ambur Unit,2024-07-18,53.9,27700,1183,9
MAC0085,Splitting,Ambur Unit,2025-08-22,74.5,83873,2927,10
MAC0086,Drying,Vaniyambadi Unit,2025-04-26,3.7,15564,4140,5
MAC0087,Embossing,Ambur Unit,2025-05-19,57.6,14008,4440,11
MAC0088,Spraying,Ambur Unit,2024-06-03,2.0,14892,6702,12
MAC0089,Drying,Ranipet Unit,2025-08-22,13.0,86523,6915,12
MAC0090,Spraying,Ranipet Unit,2024-09-26,43.3,12167,2700,10
MAC0091,Drying,Ambur Unit,2025-05-07,17.9,17982,5053,12
MAC0092,Splitting,Ambur Unit,2025-01-31,0.5,39167,4623,2
MAC0093,Buffing,Chennai Finishing,2025-11-18,1.5,57017,5479,5
MAC0094,Embossing,Chennai Finishing,2025-06-12,14.0,83273,1754,1
MAC0095,Spraying,Ranipet Unit,2025-11-13,46.1,17662,6761,11
MAC0096,Embossing,Ambur Unit,2025-07-28,78.5,56773,7933,7
MAC0097,Shaving,Ambur Unit,2025-11-22,69.2,72362,2907,9
MAC0098,Spraying,Ambur Unit,2025-07-03,16.5,13043,2682,0
MAC0099,Spraying,Ambur Unit,2025-05-24,10.4,53362,6427,2
MAC0100,Splitting,Chennai Finishing,2025-04-01,13.0,55733,1965,12
MAC0101,Splitting,Ambur Unit,2025-11-30,40.6,58981,1722,8
MAC0102,Spraying,Ranipet Unit,2024-03-25,31.3,16268,6781,8
MAC0103,Splitting,Ambur Unit,2024-07-09,52.6,41995,7908,8
MAC0104,Spraying,Chennai Finishing,2025-11-02,68.9,87337,1351,2
MAC0105,Drying,Vaniyambadi Unit,2024-06-15,47.1,66124,3243,8
MAC0106,Splitting,Ranipet Unit,2024-12-24,67.9,5453,4339,9
MAC0107,Shaving,Chennai Finishing,2024-10-05,36.6,40634,3057,0
MAC0108,Spraying,Chennai Finishing,2025-11-13,5.2,69591,3007,9
MAC0109,Embossing,Chennai Finishing,2025-10-14,10.0,55314,4424,0
MAC0110,Drying,Ranipet Unit,2025-08-21,72.1,80791,1117,6
MAC0111,Drying,Ambur Unit,2025-02-17,14.8,42031,5115,9
MAC0112,Drying,Vaniyambadi Unit,2024-02-22,9.3,29085,3519,6
MAC0113,Drying,Vaniyambadi Unit,2024-03-03,42.1,32079,5238,0
MAC0114,Drying,Vaniyambadi Unit,2024-10-24,16.9,81365,6071,7
MAC0115,Drying,Ranipet Unit,2025-11-08,2.6,16255,3411,4
MAC0116,Splitting,Ranipet Unit,2024-03-23,54.9,58393,3341,9
MAC0117,Embossing,Chennai Finishing,2025-03-01,62.3,61693,4925,8
MAC0118,Embossing,Ranipet Unit,2025-08-16,36.8,18185,7241,7
MAC0119,Spraying,Chennai Finishing,2024-03-13,26.8,56655,7526,7
MAC0120,Spraying,Vaniyambadi Unit,2024-07-25,43.0,97372,4381,1
MAC0121,Buffing,Ranipet Unit,2024-07-19,59.3,79808,6739,0
MAC0122,Buffing,Ambur Unit,2025-07-18,15.5,7155,4078,4
MAC0123,Splitting,Ranipet Unit,2024-04-07,5.6,96939,4184,3
MAC0124,Drying,Vaniyambadi Unit,2025-05-27,50.8,65491,4747,0
MAC0125,Spraying,Ambur Unit,2024-11-15,66.4,90102,6985,6
MAC0126,Splitting,Vaniyambadi Unit,2024-01-22,28.3,59169,1777,2
MAC0127,Spraying,Ranipet Unit,2025-01-23,32.5,92703,3337,11
MAC0128,Drying,Ranipet Unit,2024-09-07,15.6,90923,1039,4
MAC0129,Drying,Ranipet Unit,2025-02-22,61.5,90839,4501,3
MAC0130,Drying,Chennai Finishing,2025-03-11,17.8,35346,7167,5
MAC0131,Spraying,Chennai Finishing,2025-06-06,0.9,11478,3209,10
MAC0132,Embossing,Ambur Unit,2024-02-11,8.5,72803,1784,5
MAC0133,Embossing,Ranipet Unit,2025-05-23,2.3,14440,2663,1
MAC0134,Spraying,Chennai Finishing,2025-02-01,22.6,88181,7007,9
MAC0135,Drying,Ranipet Unit,2024-05-28,13.1,33718,1584,1
MAC0136,Splitting,Ranipet Unit,2025-11-02,29.4,30382,5554,3
MAC0137,Buffing,Vaniyambadi Unit,2024-05-29,63.4,70349,3063,9
MAC0138,Buffing,Chennai Finishing,2024-10-18,79.9,56657,1630,7
MAC0139,Shaving,Ranipet Unit,2025-11-17,24.5,74433,4752,8
MAC0140,Buffing,Ranipet Unit,2024-10-07,58.4,81168,5071,5
MAC0141,Drying,Vaniyambadi Unit,2025-11-24,38.9,89633,2780,8
MAC0142,Drying,Ambur Unit,2024-08-04,11.1,67570,6837,9
MAC0143,Embossing,Ambur Unit,2025-08-12,15.2,27368,1773,4
MAC0144,Embossing,Ranipet Unit,2024-04-13,56.3,43369,5358,11
MAC0145,Spraying,Ambur Unit,2025-01-12,30.4,54038,5982,5
MAC0146,Drying,Ranipet Unit,2025-09-01,35.9,72469,1666,8
MAC0147,Splitting,Vaniyambadi Unit,2025-11-11,72.3,82514,1911,0
MAC0148,Embossing,Chennai Finishing,2024-07-01,57.8,82889,3964,3
MAC0149,Splitting,Ranipet Unit,2025-03-21,57.4,26087,5958,12
MAC0150,Splitting,Chennai Finishing,2025-03-10,69.2,77710,1193,0
MAC0151,Spraying,Ambur Unit,2025-09-30,76.2,36809,2220,3
MAC0152,Spraying,Chennai Finishing,2024-03-22,73.7,41736,5121,1
MAC0153,Spraying,Chennai Finishing,2024-10-11,34.3,25258,2865,4
MAC0154,Spraying,Chennai Finishing,2024-06-19,13.8,49833,2270,3
MAC0155,Embossing,Vaniyambadi Unit,2025-03-18,15.0,98958,7129,6
MAC0156,Splitting,Ranipet Unit,2024-03-24,20.1,65649,6505,10
MAC0157,Shaving,Ranipet Unit,2024-08-06,19.6,44931,1270,8
MAC0158,Shaving,Ambur Unit,2025-01-24,4.8,73862,3886,4
MAC0159,Embossing,Ambur Unit,2024-04-28,26.3,55700,5472,5
MAC0160,Splitting,Ambur Unit,2025-08-13,12.5,83880,5168,5
MAC0161,Shaving,Ambur Unit,2025-11-14,22.2,67490,6691,8
MAC0162,Embossing,Ranipet Unit,2024-07-24,14.9,98130,3288,3
MAC0163,Drying,Ambur Unit,2024-08-14,15.6,76138,2550,0
MAC0164,Shaving,Ambur Unit,2024-07-02,76.6,19732,5945,10
MAC0165,Embossing,Ranipet Unit,2024-11-03,35.0,7278,4703,12
MAC0166,Splitting,Ambur Unit,2025-03-01,33.3,19660,5543,0
MAC0167,Embossing,Vaniyambadi Unit,2024-04-30,15.8,80653,2158,10
MAC0168,Buffing,Vaniyambadi Unit,2024-03-07,77.5,79819,7191,3
MAC0169,Spraying,Ranipet Unit,2024-11-21,48.9,30787,7484,8
MAC0170,Embossing,Ranipet Unit,2024-11-15,38.0,35585,2900,3
MAC0171,Embossing,Chennai Finishing,2025-03-08,34.5,28263,4270,2
MAC0172,Shaving,Ranipet Unit,2024-10-26,36.7,21509,1821,10
MAC0173,Splitting,Chennai Finishing,2025-03-23,65.6,92766,1875,8
MAC0174,Buffing,Ranipet Unit,2025-03-08,41.6,85148,7964,6
MAC0175,Shaving,Ranipet Unit,2025-01-16,35.3,55307,7655,10
MAC0176,Embossing,Chennai Finishing,2025-10-11,70.4,84608,1907,11
MAC0177,Shaving,Ambur Unit,2025-02-09,23.0,22277,5873,5
MAC0178,Splitting,Ambur Unit,2025-11-01,39.9,23366,4754,2
MAC0179,Shaving,Ambur Unit,2024-04-01,27.6,50242,2931,10
MAC0180,Embossing,Chennai Finishing,2024-09-30,74.0,69173,2699,1
MAC0181,Buffing,Ranipet Unit,2025-10-22,8.0,29905,4464,0
MAC0182,Spraying,Vaniyambadi Unit,2024-05-12,26.7,37924,4542,5
MAC0183,Spraying,Vaniyambadi Unit,2025-08-25,36.9,52985,5176,0
MAC0184,Shaving,Ranipet Unit,2025-11-08,73.2,71543,6922,2
MAC0185,Splitting,Ambur Unit,2024-01-08,60.0,52691,5514,12
MAC0186,Shaving,Vaniyambadi Unit,2024-03-11,8.9,34392,7435,9
MAC0187,Shaving,Ranipet Unit,2025-10-29,58.6,29602,3722,5
MAC0188,Shaving,Ambur Unit,2024-08-04,33.9,79904,1717,11
MAC0189,Buffing,Vaniyambadi Unit,2024-02-24,15.5,41832,3917,6
MAC0190,Shaving,Chennai Finishing,2025-08-01,68.7,82605,7797,11
MAC0191,Shaving,Ranipet Unit,2024-09-23,17.3,10729,6113,7
MAC0192,Spraying,Ranipet Unit,2025-11-20,7.0,92838,1671,11
MAC0193,Buffing,Ambur Unit,2025-01-02,41.7,57861,5943,12
MAC0194,Buffing,Vaniyambadi Unit,2024-03-19,44.5,84814,3670,6
MAC0195,Drying,Ambur Unit,2025-04-07,14.8,19008,3542,7
MAC0196,Splitting,Chennai Finishing,2025-06-13,58.3,79274,5592,1
MAC0197,Buffing,Ambur Unit,2024-12-24,71.7,39146,4372,8
MAC0198,Embossing,Ranipet Unit,2024-03-01,74.7,23690,2049,1
MAC0199,Embossing,Ambur Unit,2024-02-20,69.2,58599,1031,7
MAC0200,Shaving,Ranipet Unit,2024-01-23,32.4,24497,3708,2
MAC0201,Shaving,Ambur Unit,2024-12-02,17.3,46050,1370,5
MAC0202,Embossing,Vaniyambadi Unit,2024-08-15,14.1,47987,4174,0
MAC0203,Splitting,Ambur Unit,2024-08-17,15.0,84288,5156,10
MAC0204,Buffing,Vaniyambadi Unit,2025-02-21,16.0,89748,2376,6
MAC0205,Spraying,Ranipet Unit,2025-06-13,61.5,64356,5017,3
MAC0206,Shaving,Chennai Finishing,2025-03-02,73.8,47763,3846,4
MAC0207,Splitting,Chennai Finishing,2025-02-17,56.8,11953,7657,3
MAC0208,Embossing,Chennai Finishing,2024-10-16,39.3,13263,5439,4
MAC0209,Drying,Ranipet Unit,2025-03-14,62.0,44796,7027,6
MAC0210,Spraying,Ranipet Unit,2025-04-05,9.2,86534,4230,9
MAC0211,Buffing,Vaniyambadi Unit,2025-07-29,76.7,39385,3774,9
MAC0212,Drying,Ambur Unit,2024-08-04,24.4,93995,1896,6
MAC0213,Embossing,Ranipet Unit,2025-01-12,29.7,57373,2366,8
MAC0214,Shaving,Vaniyambadi Unit,2024-10-16,57.9,26698,4115,5
MAC0215,Shaving,Ranipet Unit,2025-10-11,55.5,49451,7465,10
MAC0216,Buffing,Vaniyambadi Unit,2025-09-19,54.6,38747,1606,8
MAC0217,Spraying,Ranipet Unit,2024-02-07,63.0,51727,2777,11
MAC0218,Shaving,Ambur Unit,2025-08-21,55.9,34860,7499,0
MAC0219,Drying,Ambur Unit,2024-03-10,54.6,54525,2062,12
MAC0220,Embossing,Vaniyambadi Unit,2024-07-05,50.7,93741,6988,6
MAC0221,Shaving,Ranipet Unit,2025-05-31,64.3,18485,6345,6
MAC0222,Embossing,Ambur Unit,2025-01-11,24.7,99456,2185,4
MAC0223,Spraying,Ranipet Unit,2025-08-27,38.7,62029,1585,11
MAC0224,Embossing,Chennai Finishing,2024-04-02,71.9,72355,4821,5
MAC0225,Shaving,Ambur Unit,2025-04-21,17.2,41669,2142,12
MAC0226,Drying,Ranipet Unit,2025-07-23,8.2,5965,1822,4
MAC0227,Shaving,Chennai Finishing,2024-02-25,23.4,47189,3785,6
MAC0228,Splitting,Ranipet Unit,2024-09-02,75.5,8016,6090,10
MAC0229,Drying,Vaniyambadi Unit,2025-05-28,31.4,46465,4901,1
MAC0230,Splitting,Vaniyambadi Unit,2024-01-04,79.0,54165,7619,10
MAC0231,Embossing,Ambur Unit,2024-04-08,75.9,78583,4858,7
MAC0232,Spraying,Chennai Finishing,2024-07-16,33.1,76913,7442,5
MAC0233,Embossing,Chennai Finishing,2024-12-16,65.5,93437,6159,10
MAC0234,Shaving,Ambur Unit,2025-04-17,8.8,34982,4032,11
MAC0235,Spraying,Vaniyambadi Unit,2024-09-18,62.5,18343,2841,2
MAC0236,Embossing,Vaniyambadi Unit,2024-03-10,69.9,95645,1829,3
MAC0237,Shaving,Ranipet Unit,2024-11-17,9.6,40194,2844,4
MAC0238,Splitting,Ambur Unit,2024-04-30,8.7,99561,4086,2
MAC0239,Buffing,Ranipet Unit,2024-05-31,57.2,89261,6448,8
MAC0240,Shaving,Ranipet Unit,2024-04-04,46.9,56154,6733,4
MAC0241,Drying,Ambur Unit,2024-03-16,73.4,34247,5907,3
MAC0242,Shaving,Chennai Finishing,2024-07-16,45.9,88677,2945,2
MAC0243,Splitting,Ambur Unit,2025-06-19,2.9,8650,5851,6
MAC0244,Drying,Chennai Finishing,2025-03-04,79.9,60932,5247,4
MAC0245,Drying,Ranipet Unit,2024-02-29,17.0,48535,4603,6
MAC0246,Splitting,Ranipet Unit,2024-06-04,50.5,59840,6662,4
MAC0247,Buffing,Ambur Unit,2024-12-01,70.2,28765,7426,7
MAC0248,Splitting,Ranipet Unit,2024-03-09,62.0,89460,6276,12
MAC0249,Embossing,Ranipet Unit,2024-05-08,0.3,94251,3916,6
MAC0250,Shaving,Vaniyambadi Unit,2025-08-13,5.6,11817,7026,3
MAC0251,Splitting,Chennai Finishing,2025-02-08,67.3,83520,5578,3
MAC0252,Shaving,Ranipet Unit,2024-10-03,79.4,13927,6471,3
MAC0253,Drying,Ranipet Unit,2024-09-05,6.0,19081,5242,11
MAC0254,Drying,Ambur Unit,2025-04-11,21.7,5586,5054,5
MAC0255,Embossing,Chennai Finishing,2025-07-14,68.3,20321,7984,3
MAC0256,Spraying,Ambur Unit,2024-09-23,70.1,66612,2317,4
MAC0257,Splitting,Vaniyambadi Unit,2024-12-16,54.8,77520,3525,2
MAC0258,Spraying,Ranipet Unit,2025-09-21,73.8,67260,6412,2
MAC0259,Drying,Ranipet Unit,2025-04-20,14.9,73710,5275,2
MAC0260,Embossing,Chennai Finishing,2024-11-06,66.3,47530,5463,8
MAC0261,Splitting,Chennai Finishing,2025-11-08,2.7,22033,4401,1
MAC0262,Embossing,Chennai Finishing,2025-05-12,2.9,9937,3247,11
MAC0263,Spraying,Ranipet Unit,2025-01-27,70.9,26215,7403,7
MAC0264,Buffing,Ambur Unit,2024-08-01,5.4,75570,5994,0
MAC0265,Splitting,Chennai Finishing,2024-04-05,59.2,26393,3641,0
MAC0266,Splitting,Ambur Unit,2025-03-28,64.4,27039,6234,3
MAC0267,Shaving,Vaniyambadi Unit,2025-06-14,33.0,92433,4161,2
MAC0268,Spraying,Vaniyambadi Unit,2025-07-04,31.3,63623,3885,0
MAC0269,Embossing,Ambur Unit,2025-02-10,7.5,41513,4208,0
MAC0270,Drying,Chennai Finishing,2024-01-07,38.6,66470,4017,11
MAC0271,Splitting,Ranipet Unit,2024-10-15,58.0,12942,2792,7
MAC0272,Drying,Ranipet Unit,2024-02-22,51.6,28713,6160,7
MAC0273,Shaving,Chennai Finishing,2025-02-10,34.3,6098,7582,3
MAC0274,Spraying,Ranipet Unit,2025-03-18,26.2,62336,6393,8
MAC0275,Drying,Vaniyambadi Unit,2025-09-20,34.1,10630,2986,9
MAC0276,Buffing,Vaniyambadi Unit,2025-02-19,21.5,63320,3515,12
MAC0277,Splitting,Vaniyambadi Unit,2024-01-25,5.9,43879,5634,8
MAC0278,Splitting,Ambur Unit,2024-02-28,66.1,20021,2060,8
MAC0279,Buffing,Vaniyambadi Unit,2024-05-28,27.4,80651,6058,2
MAC0280,Spraying,Ranipet Unit,2024-01-23,34.9,46124,7740,2
MAC0281,Splitting,Ambur Unit,2024-11-05,1.5,40805,7163,1
MAC0282,Drying,Ranipet Unit,2025-07-04,52.8,68296,7782,7
MAC0283,Embossing,Ambur Unit,2024-05-30,6.8,36627,1116,7
MAC0284,Splitting,Ambur Unit,2025-01-13,23.5,11033,3740,5
MAC0285,Buffing,Vaniyambadi Unit,2025-09-20,60.4,57174,2030,5
MAC0286,Drying,Ranipet Unit,2025-02-19,33.7,88451,6014,6
MAC0287,Buffing,Ranipet Unit,2024-11-11,1.5,57663,4879,5
MAC0288,Spraying,Vaniyambadi Unit,2025-01-19,17.9,60308,4820,12
MAC0289,Drying,Ranipet Unit,2024-10-26,51.7,23811,7288,9
MAC0290,Shaving,Ranipet Unit,2024-08-29,68.6,59082,6732,3
MAC0291,Embossing,Ranipet Unit,2024-10-06,70.2,62589,5955,1
MAC0292,Shaving,Ambur Unit,2024-06-07,0.9,15536,1176,7
MAC0293,Drying,Chennai Finishing,2025-02-09,38.8,60229,5753,6
MAC0294,Buffing,Chennai Finishing,2024-12-28,68.9,81452,3543,4
MAC0295,Drying,Ambur Unit,2024-01-10,30.9,41842,3163,7
MAC0296,Spraying,Chennai Finishing,2025-10-02,18.5,37161,6823,10
MAC0297,Embossing,Vaniyambadi Unit,2025-05-19,76.3,87471,3101,0
MAC0298,Splitting,Ranipet Unit,2025-02-18,31.7,74457,4995,1
MAC0299,Splitting,Chennai Finishing,2025-09-29,7.7,88595,6916,6
MAC0300,Buffing,Vaniyambadi Unit,2025-02-15,73.0,19455,1223,10
MAC0301,Drying,Ambur Unit,2024-09-14,18.5,37384,5283,9
MAC0302,Spraying,Ranipet Unit,2024-03-07,78.2,75003,7574,5
MAC0303,Drying,Ranipet Unit,2025-10-25,78.4,82762,4022,2
MAC0304,Splitting,Ambur Unit,2025-07-02,26.3,62831,7248,4
MAC0305,Embossing,Ambur Unit,2025-06-05,71.6,6106,4669,12
MAC0306,Embossing,Ranipet Unit,2025-08-22,1.8,58810,6926,5
MAC0307,Drying,Vaniyambadi Unit,2024-04-20,28.7,77499,1419,2
MAC0308,Drying,Ambur Unit,2024-08-20,55.4,68087,4753,3
MAC0309,Drying,Chennai Finishing,2025-11-12,76.9,9433,3491,3
MAC0310,Splitting,Vaniyambadi Unit,2025-08-11,4.2,58369,7061,12
MAC0311,Shaving,Ranipet Unit,2024-05-15,75.5,46062,4026,9
MAC0312,Splitting,Ranipet Unit,2025-03-31,25.5,10278,1030,8
MAC0313,Spraying,Ranipet Unit,2024-05-23,38.2,88624,7218,8
MAC0314,Splitting,Vaniyambadi Unit,2024-04-20,28.3,84531,4881,2
MAC0315,Drying,Ambur Unit,2025-01-24,1.1,9475,3554,4
MAC0316,Buffing,Vaniyambadi Unit,2024-12-18,19.1,75839,3237,10
MAC0317,Splitting,Ambur Unit,2025-04-02,27.0,81957,3077,10
MAC0318,Embossing,Vaniyambadi Unit,2025-02-05,32.8,73341,6040,12
MAC0319,Splitting,Chennai Finishing,2024-03-04,47.8,12772,3502,9
MAC0320,Spraying,Ambur Unit,2025-10-06,13.8,53168,4042,9
MAC0321,Embossing,Chennai Finishing,2024-12-19,4.5,88061,3779,5
MAC0322,Splitting,Chennai Finishing,2025-05-06,42.8,73267,6428,5
MAC0323,Buffing,Vaniyambadi Unit,2025-07-11,33.6,54301,3605,8
MAC0324,Buffing,Chennai Finishing,2025-08-02,67.8,74088,3033,2
MAC0325,Shaving,Vaniyambadi Unit,2025-06-08,62.2,31385,2337,9
MAC0326,Shaving,Ambur Unit,2024-11-10,57.9,44365,7277,10
MAC0327,Spraying,Chennai Finishing,2025-07-13,39.5,73130,1341,7
MAC0328,Drying,Ambur Unit,2024-09-12,51.5,67049,6320,7
MAC0329,Embossing,Chennai Finishing,2025-04-13,28.6,31244,5666,1
MAC0330,Splitting,Ranipet Unit,2024-04-29,35.2,12181,5516,6
MAC0331,Embossing,Vaniyambadi Unit,2025-09-09,49.8,65629,3711,7
MAC0332,Splitting,Ambur Unit,2025-09-12,60.7,16842,3098,3
MAC0333,Buffing,Chennai Finishing,2024-10-07,13.3,37129,2747,10
MAC0334,Drying,Vaniyambadi Unit,2024-03-20,78.0,60836,6862,0
MAC0335,Drying,Chennai Finishing,2024-03-22,18.9,93585,3249,0
MAC0336,Spraying,Chennai Finishing,2024-09-24,18.3,43919,6486,5
MAC0337,Embossing,Vaniyambadi Unit,2024-12-23,24.4,35228,7301,6
MAC0338,Drying,Ambur Unit,2025-05-20,74.0,49009,6639,4
MAC0339,Embossing,Vaniyambadi Unit,2024-11-16,47.2,19579,2170,5
MAC0340,Buffing,Vaniyambadi Unit,2025-08-26,77.1,82859,2566,8
MAC0341,Shaving,Vaniyambadi Unit,2024-03-02,79.9,58195,7882,3
MAC0342,Buffing,Vaniyambadi Unit,2024-08-16,44.6,88210,4016,12
MAC0343,Buffing,Ambur Unit,2024-08-04,15.5,78278,5964,2
MAC0344,Shaving,Ranipet Unit,2024-11-01,52.1,92205,3572,8
MAC0345,Splitting,Chennai Finishing,2024-08-13,0.1,18068,3471,8
MAC0346,Shaving,Ambur Unit,2024-11-26,48.3,58292,2126,12
MAC0347,Splitting,Ambur Unit,2024-02-15,61.5,84805,6049,1
MAC0348,Buffing,Ranipet Unit,2024-01-10,3.2,48796,2956,2
MAC0349,Splitting,Vaniyambadi Unit,2024-01-28,69.7,24265,3818,10
MAC0350,Drying,Vaniyambadi Unit,2024-09-10,58.7,88483,4413,5
MAC0351,Drying,Ambur Unit,2024-07-17,40.7,48742,4712,7
MAC0352,Splitting,Chennai Finishing,2024-04-14,36.6,17949,4469,11
MAC0353,Shaving,Ranipet Unit,2024-10-31,0.4,18444,4165,3
MAC0354,Embossing,Ambur Unit,2024-08-01,52.8,26008,1532,11
MAC0355,Splitting,Vaniyambadi Unit,2025-11-15,75.2,19845,7987,5
MAC0356,Spraying,Chennai Finishing,2025-02-27,19.9,77945,5781,9
MAC0357,Drying,Ambur Unit,2025-04-29,13.3,19018,5932,0
MAC0358,Buffing,Chennai Finishing,2024-12-19,54.8,67802,5762,3
MAC0359,Buffing,Vaniyambadi Unit,2024-10-02,63.6,30277,5645,0
MAC0360,Shaving,Ambur Unit,2025-04-25,50.7,6615,6113,9
MAC0361,Shaving,Chennai Finishing,2024-04-13,76.2,82218,1835,9
MAC0362,Buffing,Chennai Finishing,2024-02-27,52.4,35754,1970,2
MAC0363,Buffing,Ambur Unit,2024-05-09,20.4,19791,7365,3
MAC0364,Embossing,Chennai Finishing,2024-12-26,55.0,12205,7130,3
MAC0365,Drying,Chennai Finishing,2025-01-25,52.4,95441,6364,11
MAC0366,Embossing,Ambur Unit,2024-03-21,70.8,18914,4820,8
MAC0367,Drying,Ranipet Unit,2025-05-22,65.5,65398,6268,4
MAC0368,Spraying,Chennai Finishing,2024-02-03,65.5,9322,3385,10
MAC0369,Buffing,Ambur Unit,2025-02-02,76.5,12485,4710,5
MAC0370,Splitting,Vaniyambadi Unit,2024-10-09,46.7,9745,7788,1
MAC0371,Splitting,Ambur Unit,2025-08-21,27.6,98047,4887,11
MAC0372,Splitting,Vaniyambadi Unit,2025-07-17,54.0,66473,7237,7
MAC0373,Splitting,Chennai Finishing,2025-04-20,7.7,6398,2157,9
MAC0374,Buffing,Ranipet Unit,2025-08-29,42.9,71089,7119,8
MAC0375,Embossing,Vaniyambadi Unit,2024-04-23,51.1,81036,4554,6
MAC0376,Drying,Chennai Finishing,2024-09-29,16.6,49837,1754,11
MAC0377,Embossing,Ranipet Unit,2025-10-31,55.0,66237,3150,11
MAC0378,Drying,Ambur Unit,2024-07-24,44.8,50375,2130,5
MAC0379,Shaving,Chennai Finishing,2025-04-26,37.3,36108,7806,6
MAC0380,Splitting,Ranipet Unit,2025-04-12,56.0,94721,1652,11
MAC0381,Shaving,Ranipet Unit,2024-10-12,9.6,79346,7004,11
MAC0382,Buffing,Vaniyambadi Unit,2025-11-01,4.4,33376,5131,4
MAC0383,Spraying,Ambur Unit,2024-03-01,26.8,67341,3965,5
MAC0384,Buffing,Vaniyambadi Unit,2025-01-16,5.4,93406,5621,12
MAC0385,Buffing,Vaniyambadi Unit,2025-01-23,69.5,97841,1113,6
MAC0386,Embossing,Ambur Unit,2024-12-22,36.1,28590,5150,0
MAC0387,Shaving,Vaniyambadi Unit,2024-12-09,33.8,61663,4449,9
MAC0388,Shaving,Vaniyambadi Unit,2024-02-20,30.2,63790,7077,11
MAC0389,Embossing,Ranipet Unit,2024-03-13,36.5,64704,1252,1
MAC0390,Buffing,Ambur Unit,2024-01-14,39.0,8916,5248,6
MAC0391,Drying,Chennai Finishing,2025-02-17,78.8,83578,3044,9
MAC0392,Shaving,Ranipet Unit,2024-03-25,10.1,13937,6809,6
MAC0393,Buffing,Vaniyambadi Unit,2025-01-04,36.9,98113,2276,5
MAC0394,Drying,Chennai Finishing,2024-06-06,17.7,78764,5037,4
MAC0395,Spraying,Chennai Finishing,2025-02-02,52.9,64406,3087,1
MAC0396,Spraying,Vaniyambadi Unit,2025-07-19,59.4,83889,1478,11
MAC0397,Spraying,Ambur Unit,2025-06-12,15.1,9334,7709,1
MAC0398,Embossing,Chennai Finishing,2025-11-29,26.0,43487,7863,12
MAC0399,Drying,Ambur Unit,2024-12-27,74.8,42187,2539,0
MAC0400,Buffing,Vaniyambadi Unit,2025-10-02,9.8,33952,6532,5
MAC0401,Spraying,Chennai Finishing,2024-02-20,23.2,50808,4437,6
MAC0402,Splitting,Vaniyambadi Unit,2025-05-04,69.7,44166,6405,2
MAC0403,Drying,Ambur Unit,2025-06-30,31.4,39887,3468,1
MAC0404,Buffing,Ranipet Unit,2025-05-13,28.4,35418,1371,1
MAC0405,Embossing,Ambur Unit,2024-04-26,0.6,14856,3707,11
MAC0406,Buffing,Ranipet Unit,2024-09-17,49.6,57542,5261,11
MAC0407,Embossing,Vaniyambadi Unit,2025-05-27,44.5,47446,7269,0
MAC0408,Drying,Ranipet Unit,2024-03-13,44.3,61324,2215,10
MAC0409,Shaving,Ranipet Unit,2025-10-09,11.9,60158,3857,2
MAC0410,Splitting,Ambur Unit,2025-01-16,80.0,19315,3420,3
MAC0411,Spraying,Vaniyambadi Unit,2025-05-23,55.1,19877,4827,9
MAC0412,Buffing,Ambur Unit,2025-11-13,48.0,52103,1027,12
MAC0413,Shaving,Ranipet Unit,2024-11-08,4.6,93761,1616,3
MAC0414,Buffing,Vaniyambadi Unit,2024-01-25,57.1,54293,1766,8
MAC0415,Spraying,Ranipet Unit,2024-10-27,26.9,77420,2907,8
MAC0416,Drying,Ranipet Unit,2024-04-08,25.5,55019,4109,12
MAC0417,Splitting,Chennai Finishing,2024-09-14,46.7,38172,6528,12
MAC0418,Shaving,Ranipet Unit,2025-04-12,13.7,48991,5524,10
MAC0419,Splitting,Ranipet Unit,2025-08-30,4.2,62312,3866,6
MAC0420,Spraying,Ambur Unit,2024-10-27,64.8,34175,5407,8
MAC0421,Shaving,Chennai Finishing,2025-08-18,17.3,26242,1076,1
MAC0422,Splitting,Chennai Finishing,2025-11-03,17.9,80557,2803,12
MAC0423,Spraying,Vaniyambadi Unit,2024-05-23,60.5,76023,5542,11
MAC0424,Buffing,Ambur Unit,2024-06-28,6.2,74947,3876,7
MAC0425,Buffing,Vaniyambadi Unit,2024-04-16,2.3,59478,2900,1
MAC0426,Embossing,Vaniyambadi Unit,2024-09-15,63.0,39229,6666,11
MAC0427,Shaving,Ranipet Unit,2024-02-14,17.9,23530,7326,8
MAC0428,Spraying,Ambur Unit,2025-10-05,65.2,73408,1337,3
MAC0429,Shaving,Vaniyambadi Unit,2025-02-19,17.3,85105,3218,9
MAC0430,Spraying,Chennai Finishing,2025-06-21,45.2,30193,1875,4
MAC0431,Embossing,Ranipet Unit,2025-05-25,0.4,41418,6162,4
MAC0432,Buffing,Ambur Unit,2025-06-19,76.6,92876,6167,11
MAC0433,Drying,Ranipet Unit,2025-09-30,64.0,71378,7500,8
MAC0434,Buffing,Vaniyambadi Unit,2025-07-25,78.8,45545,3133,0
MAC0435,Buffing,Ranipet Unit,2024-02-13,40.8,55879,6578,7
MAC0436,Shaving,Ranipet Unit,2024-03-21,56.7,37639,5334,1
MAC0437,Shaving,Ranipet Unit,2024-07-22,14.5,65984,7756,7
MAC0438,Shaving,Ambur Unit,2024-07-12,12.3,84633,5584,10
MAC0439,Splitting,Ranipet Unit,2024-03-13,54.5,62075,1863,1
MAC0440,Drying,Chennai Finishing,2025-01-11,1.4,35856,6648,4
MAC0441,Spraying,Vaniyambadi Unit,2025-08-24,76.9,51947,1670,12
MAC0442,Buffing,Ambur Unit,2024-05-13,58.9,85672,2679,4
MAC0443,Drying,Ambur Unit,2024-11-03,22.2,22432,6647,9
MAC0444,Splitting,Ambur Unit,2024-02-25,77.3,96235,2782,8
MAC0445,Shaving,Vaniyambadi Unit,2025-02-10,33.3,89728,4581,8
MAC0446,Shaving,Ambur Unit,2024-06-09,9.4,58553,4293,11
MAC0447,Drying,Ranipet Unit,2024-07-27,78.3,75926,5488,0
MAC0448,Splitting,Ranipet Unit,2025-07-19,12.5,38400,2361,5
MAC0449,Embossing,Ambur Unit,2025-10-31,37.0,28721,1671,6
MAC0450,Embossing,Ranipet Unit,2024-02-05,57.8,57345,4591,8
MAC0451,Buffing,Ranipet Unit,2025-01-23,47.1,23124,7624,8
MAC0452,Drying,Chennai Finishing,2024-12-06,3.6,59103,5732,0
MAC0453,Embossing,Ranipet Unit,2025-09-19,50.8,54096,5573,11
MAC0454,Embossing,Chennai Finishing,2024-09-08,7.2,83212,6834,1
MAC0455,Drying,Vaniyambadi Unit,2024-06-09,3.0,99900,2434,5
MAC0456,Shaving,Ranipet Unit,2024-12-25,34.8,29494,4715,1
MAC0457,Splitting,Ambur Unit,2024-01-08,74.2,34103,5721,1
MAC0458,Splitting,Vaniyambadi Unit,2025-01-21,53.9,78436,3608,0
MAC0459,Drying,Vaniyambadi Unit,2025-03-06,44.3,60998,6837,5
MAC0460,Spraying,Vaniyambadi Unit,2025-02-07,56.7,99107,3717,10
MAC0461,Drying,Chennai Finishing,2025-07-31,25.4,35634,6823,11
MAC0462,Drying,Ranipet Unit,2025-01-16,68.7,25181,4051,10
MAC0463,Spraying,Ambur Unit,2024-10-19,21.9,13969,3885,0
MAC0464,Shaving,Ambur Unit,2025-09-07,45.6,93598,7686,7
MAC0465,Spraying,Chennai Finishing,2024-12-30,15.0,62950,6675,0
MAC0466,Drying,Chennai Finishing,2025-01-24,8.5,63533,4933,10
MAC0467,Embossing,Ranipet Unit,2024-02-23,60.2,30725,4249,11
MAC0468,Spraying,Chennai Finishing,2025-07-18,64.8,20699,2201,12
MAC0469,Splitting,Vaniyambadi Unit,2025-07-20,64.8,14117,4829,12
MAC0470,Splitting,Chennai Finishing,2024-03-29,59.3,36138,6551,6
MAC0471,Spraying,Ranipet Unit,2025-06-12,70.4,90301,2382,11
MAC0472,Buffing,Ranipet Unit,2024-03-25,62.7,41514,3122,11
MAC0473,Spraying,Ambur Unit,2025-08-13,43.9,24904,7726,4
MAC0474,Shaving,Ranipet Unit,2025-11-21,8.7,25165,1643,1
MAC0475,Buffing,Ambur Unit,2024-08-24,42.2,66625,7063,0
MAC0476,Splitting,Vaniyambadi Unit,2025-07-26,53.2,86802,1090,1
MAC0477,Buffing,Ranipet Unit,2024-10-12,36.6,49713,6363,11
MAC0478,Spraying,Chennai Finishing,2024-08-29,7.1,60721,3413,10
MAC0479,Splitting,Vaniyambadi Unit,2024-10-15,43.4,48649,4875,9
MAC0480,Spraying,Vaniyambadi Unit,2025-06-02,69.2,29269,1798,1
MAC0481,Splitting,Ambur Unit,2025-01-07,34.1,51363,6021,6
MAC0482,Buffing,Ranipet Unit,2024-04-10,43.0,40110,2668,12
MAC0483,Embossing,Ranipet Unit,2024-10-12,64.0,88395,5805,7
MAC0484,Splitting,Vaniyambadi Unit,2025-03-01,67.2,46276,2628,1
MAC0485,Shaving,Vaniyambadi Unit,2024-11-18,41.3,94207,4501,8
MAC0486,Shaving,Chennai Finishing,2024-07-04,31.3,37002,2417,5
MAC0487,Spraying,Ranipet Unit,2025-11-08,54.9,12476,7172,2
MAC0488,Buffing,Chennai Finishing,2025-11-14,42.5,24544,4038,0
MAC0489,Splitting,Ambur Unit,2024-12-25,13.9,46479,7813,0
MAC0490,Drying,Ranipet Unit,2025-06-01,21.6,88913,3931,9
MAC0491,Splitting,Vaniyambadi Unit,2025-04-19,52.4,92827,5016,1
MAC0492,Splitting,Ranipet Unit,2024-02-16,28.8,93430,6761,2
MAC0493,Splitting,Vaniyambadi Unit,2024-11-03,27.4,39887,6618,5
MAC0494,Embossing,Vaniyambadi Unit,2025-09-20,37.9,37924,1448,4
MAC0495,Embossing,Ranipet Unit,2025-07-08,13.5,60050,4939,6
MAC0496,Buffing,Chennai Finishing,2024-07-16,35.1,52773,4346,1
MAC0497,Drying,Ranipet Unit,2024-03-23,69.4,17244,5764,10
MAC0498,Embossing,Chennai Finishing,2025-07-06,52.5,20240,4282,11
MAC0499,Shaving,Ranipet Unit,2024-01-09,65.8,25107,1576,4
MAC0500,Buffing,Ranipet Unit,2024-05-04,61.3,65953,3619,10
MAC0501,Shaving,Vaniyambadi Unit,2024-07-02,34.1,45832,3709,2
MAC0502,Splitting,Ranipet Unit,2025-02-27,79.0,62371,6306,7
MAC0503,Splitting,Ambur Unit,2025-10-31,60.2,88925,3272,10
MAC0504,Spraying,Ambur Unit,2024-09-05,7.9,55067,7029,7
MAC0505,Drying,Ranipet Unit,2024-10-04,59.4,18456,6214,11
MAC0506,Spraying,Ranipet Unit,2024-11-07,37.7,16668,5775,5
MAC0507,Drying,Ambur Unit,2025-03-19,2.6,88753,6452,12
MAC0508,Embossing,Ambur Unit,2025-09-29,53.2,13526,3293,11
MAC0509,Buffing,Vaniyambadi Unit,2025-06-16,76.5,17732,2154,4
MAC0510,Buffing,Chennai Finishing,2024-10-06,1.5,40738,7125,10
MAC0511,Embossing,Ambur Unit,2025-07-21,57.3,99441,4868,6
MAC0512,Spraying,Vaniyambadi Unit,2024-09-05,20.6,14516,4280,8
MAC0513,Shaving,Ranipet Unit,2025-07-30,25.6,21311,4478,6
MAC0514,Embossing,Chennai Finishing,2025-08-10,17.3,39264,6318,1
MAC0515,Spraying,Chennai Finishing,2024-05-16,46.1,38642,1515,6
MAC0516,Buffing,Vaniyambadi Unit,2025-08-25,13.0,35614,2735,9
MAC0517,Drying,Ambur Unit,2024-03-23,76.5,97839,1108,11
MAC0518,Buffing,Vaniyambadi Unit,2024-09-28,64.9,9489,3829,7
MAC0519,Spraying,Vaniyambadi Unit,2025-10-22,34.5,38808,4118,12
MAC0520,Embossing,Ambur Unit,2024-02-25,14.9,75632,6847,12
MAC0521,Splitting,Chennai Finishing,2024-12-27,15.9,12111,4231,7
MAC0522,Buffing,Vaniyambadi Unit,2025-10-15,41.4,55047,4685,10
MAC0523,Splitting,Vaniyambadi Unit,2024-09-14,56.0,34757,1761,4
MAC0524,Drying,Ranipet Unit,2025-08-31,66.3,68960,6904,3
MAC0525,Splitting,Ranipet Unit,2025-10-15,8.0,79166,3769,11
MAC0526,Embossing,Vaniyambadi Unit,2025-06-28,40.8,34197,5088,12
MAC0527,Embossing,Ranipet Unit,2024-12-04,59.2,77897,1262,11
MAC0528,Spraying,Vaniyambadi Unit,2025-07-29,67.0,7201,2795,5
MAC0529,Drying,Ambur Unit,2025-01-09,55.8,71378,6175,9
MAC0530,Drying,Ambur Unit,2024-02-04,44.4,49092,5037,10
MAC0531,Drying,Ranipet Unit,2025-05-19,72.0,99924,6249,1
MAC0532,Embossing,Ambur Unit,2025-05-14,65.5,75407,1196,11
MAC0533,Embossing,Ranipet Unit,2025-08-08,52.7,69941,6798,0
MAC0534,Drying,Ambur Unit,2024-09-21,26.3,38533,5792,7
MAC0535,Spraying,Ambur Unit,2024-03-13,40.2,50838,2645,0
MAC0536,Spraying,Chennai Finishing,2025-01-02,6.7,39596,5051,5
MAC0537,Buffing,Chennai Finishing,2025-01-01,7.3,17840,7238,8
MAC0538,Spraying,Ranipet Unit,2024-11-28,76.1,17093,4149,7
MAC0539,Splitting,Vaniyambadi Unit,2025-01-14,45.1,67585,4656,12
MAC0540,Embossing,Chennai Finishing,2025-08-15,14.7,46075,3131,10
MAC0541,Shaving,Ambur Unit,2024-07-09,75.6,94599,7071,7
MAC0542,Splitting,Ranipet Unit,2024-04-30,78.2,86475,7870,6
MAC0543,Drying,Ranipet Unit,2025-06-16,19.4,48745,6317,6
MAC0544,Drying,Chennai Finishing,2025-08-14,17.9,48424,6898,8
MAC0545,Spraying,Ranipet Unit,2024-08-28,42.7,34050,4806,4
MAC0546,Buffing,Vaniyambadi Unit,2025-09-20,32.1,72757,5094,9
MAC0547,Buffing,Ranipet Unit,2025-07-05,72.2,50541,7584,11
MAC0548,Embossing,Ranipet Unit,2025-01-22,15.2,78290,5507,4
MAC0549,Buffing,Ambur Unit,2025-05-13,28.9,27176,3731,4
MAC0550,Shaving,Chennai Finishing,2025-06-13,12.6,51284,2572,7
MAC0551,Embossing,Chennai Finishing,2025-01-18,73.4,19912,3933,10
MAC0552,Embossing,Ambur Unit,2025-02-28,68.9,39655,6195,10
MAC0553,Shaving,Ranipet Unit,2025-12-01,6.7,86153,5324,2
MAC0554,Drying,Chennai Finishing,2025-07-06,25.1,14242,7590,8
MAC0555,Shaving,Ambur Unit,2025-02-06,68.9,74654,6186,6
MAC0556,Drying,Ambur Unit,2024-09-15,51.3,66746,6463,6
MAC0557,Spraying,Vaniyambadi Unit,2025-08-28,56.1,53431,3662,10
MAC0558,Buffing,Ranipet Unit,2024-11-09,44.4,41447,1253,6
MAC0559,Shaving,Ranipet Unit,2024-03-20,22.8,69893,3790,2
MAC0560,Splitting,Chennai Finishing,2024-01-09,34.2,36525,7168,4
MAC0561,Embossing,Ambur Unit,2024-10-24,18.1,16806,7710,4
MAC0562,Splitting,Ranipet Unit,2025-05-03,24.3,42403,5944,8
MAC0563,Buffing,Vaniyambadi Unit,2024-05-13,54.7,46564,5442,1
MAC0564,Drying,Vaniyambadi Unit,2025-10-04,42.5,20407,6078,0
MAC0565,Spraying,Chennai Finishing,2024-10-12,47.1,10323,2997,1
MAC0566,Drying,Vaniyambadi Unit,2025-01-18,41.2,83711,3252,2
MAC0567,Drying,Ambur Unit,2025-08-04,73.0,46282,2749,4
MAC0568,Spraying,Ranipet Unit,2025-11-20,19.4,26057,7215,6
MAC0569,Shaving,Vaniyambadi Unit,2024-07-07,34.9,83309,2858,9
MAC0570,Embossing,Chennai Finishing,2024-12-07,2.6,27507,2805,9
MAC0571,Embossing,Chennai Finishing,2024-08-27,59.1,20122,3726,2
MAC0572,Splitting,Vaniyambadi Unit,2025-06-18,56.1,7665,3153,0
MAC0573,Drying,Chennai Finishing,2025-06-11,47.7,38791,3532,10
MAC0574,Buffing,Chennai Finishing,2025-05-16,44.2,76120,6792,8
MAC0575,Drying,Chennai Finishing,2025-06-18,27.1,21216,3375,12
MAC0576,Buffing,Vaniyambadi Unit,2024-03-10,11.1,58579,5729,5
MAC0577,Spraying,Vaniyambadi Unit,2025-03-18,14.8,66467,4334,3
MAC0578,Drying,Ambur Unit,2025-11-27,2.1,7635,5543,11
MAC0579,Buffing,Ambur Unit,2025-08-29,76.4,29024,5336,6
MAC0580,Buffing,Chennai Finishing,2025-06-24,36.6,6287,2565,9
MAC0581,Embossing,Vaniyambadi Unit,2024-05-17,41.0,66069,5139,3
MAC0582,Spraying,Ambur Unit,2025-11-21,76.7,81478,1848,9
MAC0583,Embossing,Vaniyambadi Unit,2025-01-25,69.5,97529,2438,3
MAC0584,Drying,Vaniyambadi Unit,2025-01-24,0.8,26086,3115,11
MAC0585,Embossing,Vaniyambadi Unit,2025-07-07,56.0,39192,4180,0
MAC0586,Drying,Vaniyambadi Unit,2024-06-01,0.1,58072,6448,11
MAC0587,Drying,Ambur Unit,2024-10-13,18.6,70627,4237,8
MAC0588,Buffing,Vaniyambadi Unit,2025-01-04,9.6,68955,7790,5
MAC0589,Shaving,Ambur Unit,2025-01-29,1.9,24401,6924,9
MAC0590,Shaving,Chennai Finishing,2024-04-28,14.8,77512,4618,8
MAC0591,Shaving,Ranipet Unit,2025-11-03,30.1,71672,1832,10
MAC0592,Splitting,Vaniyambadi Unit,2025-05-10,48.8,55320,5037,1
MAC0593,Shaving,Ranipet Unit,2025-06-16,24.0,79706,6208,3
MAC0594,Drying,Vaniyambadi Unit,2025-11-01,17.9,72566,2537,5
MAC0595,Drying,Vaniyambadi Unit,2024-01-02,28.5,59966,5023,3
MAC0596,Spraying,Ambur Unit,2025-07-23,35.7,87693,2765,12
MAC0597,Spraying,Chennai Finishing,2024-06-12,5.1,38483,4121,11
MAC0598,Drying,Ranipet Unit,2024-11-23,70.6,85048,5648,8
MAC0599,Embossing,Chennai Finishing,2024-04-06,34.0,41158,4304,11
MAC0600,Buffing,Ranipet Unit,2024-09-28,39.6,25625,2711,1
MAC0601,Embossing,Ambur Unit,2024-07-25,8.6,48043,3776,2
MAC0602,Spraying,Ranipet Unit,2025-10-07,50.3,50433,3155,12
MAC0603,Spraying,Chennai Finishing,2024-12-16,36.4,11477,5928,11
MAC0604,Shaving,Ambur Unit,2025-10-29,0.9,8713,2884,1
MAC0605,Spraying,Ranipet Unit,2025-09-04,58.5,74034,1154,12
MAC0606,Buffing,Ranipet Unit,2025-02-02,49.2,40333,5386,7
MAC0607,Drying,Ambur Unit,2024-07-12,11.9,49494,2511,2
MAC0608,Drying,Ranipet Unit,2025-09-12,1.7,17342,6670,7
MAC0609,Spraying,Chennai Finishing,2024-01-21,14.4,28353,7522,2
MAC0610,Buffing,Vaniyambadi Unit,2024-05-18,43.8,33220,6533,1
MAC0611,Shaving,Vaniyambadi Unit,2024-04-09,46.0,36184,5306,12
MAC0612,Shaving,Ambur Unit,2024-08-18,28.9,26626,2573,2
MAC0613,Spraying,Chennai Finishing,2025-08-25,14.5,99942,2195,1
MAC0614,Shaving,Vaniyambadi Unit,2025-09-04,62.5,74183,6609,5
MAC0615,Embossing,Ambur Unit,2024-10-05,47.4,47587,7102,9
MAC0616,Buffing,Chennai Finishing,2024-06-24,30.4,37352,6181,0
MAC0617,Spraying,Ranipet Unit,2025-04-18,75.4,74755,5108,12
MAC0618,Shaving,Ranipet Unit,2024-02-26,38.0,76482,6522,8
MAC0619,Buffing,Ranipet Unit,2024-01-31,21.3,79804,5188,9
MAC0620,Shaving,Ranipet Unit,2024-02-07,9.5,85693,4771,3
MAC0621,Shaving,Vaniyambadi Unit,2024-03-14,63.0,36206,2446,0
MAC0622,Spraying,Chennai Finishing,2024-06-23,54.5,57267,7381,10
MAC0623,Splitting,Ambur Unit,2025-06-27,9.2,35181,5340,7
MAC0624,Spraying,Vaniyambadi Unit,2024-07-06,68.4,26447,5359,9
MAC0625,Embossing,Vaniyambadi Unit,2025-10-16,73.7,82023,4245,12
MAC0626,Buffing,Vaniyambadi Unit,2025-07-12,37.6,55951,6951,1
MAC0627,Shaving,Chennai Finishing,2024-05-28,79.7,9993,2771,3
MAC0628,Splitting,Chennai Finishing,2025-09-15,26.2,77803,5372,2
MAC0629,Buffing,Ranipet Unit,2024-11-14,71.0,52247,1766,12
MAC0630,Drying,Ambur Unit,2025-05-15,16.9,50614,5404,2
MAC0631,Drying,Vaniyambadi Unit,2025-01-29,11.3,59345,2773,5
MAC0632,Spraying,Ranipet Unit,2024-12-16,72.9,50533,7064,12
MAC0633,Spraying,Vaniyambadi Unit,2025-03-05,18.4,26903,7559,8
MAC0634,Buffing,Vaniyambadi Unit,2025-01-27,23.7,31490,5963,5
MAC0635,Embossing,Ambur Unit,2024-05-26,37.8,51732,5980,0
MAC0636,Buffing,Ranipet Unit,2024-11-09,9.6,79355,3721,7
MAC0637,Drying,Vaniyambadi Unit,2024-01-25,16.5,81631,5601,8
MAC0638,Splitting,Ambur Unit,2025-08-20,6.3,57012,1901,7
MAC0639,Embossing,Chennai Finishing,2025-06-02,7.6,60569,2481,0
MAC0640,Spraying,Chennai Finishing,2025-08-02,24.5,25317,1331,2
MAC0641,Drying,Vaniyambadi Unit,2025-01-27,34.5,91725,2558,6
MAC0642,Spraying,Chennai Finishing,2025-04-22,41.9,32700,4570,8
MAC0643,Drying,Ambur Unit,2025-11-08,64.9,29487,1045,2
MAC0644,Shaving,Ranipet Unit,2025-06-03,33.2,88852,2553,3
MAC0645,Shaving,Vaniyambadi Unit,2024-05-01,32.5,96803,6064,4
MAC0646,Buffing,Vaniyambadi Unit,2025-07-06,10.0,19889,5762,6
MAC0647,Buffing,Chennai Finishing,2024-10-04,62.7,22232,6649,6
MAC0648,Spraying,Ambur Unit,2025-01-06,46.3,52049,5296,7
MAC0649,Shaving,Ambur Unit,2024-04-03,13.3,44979,5121,2
MAC0650,Spraying,Ambur Unit,2024-11-16,48.8,77974,2006,12
MAC0651,Shaving,Chennai Finishing,2024-10-07,0.7,15961,2649,0
MAC0652,Buffing,Chennai Finishing,2024-11-08,64.3,12967,4858,3
MAC0653,Spraying,Vaniyambadi Unit,2024-12-11,72.2,30716,1845,1
MAC0654,Drying,Vaniyambadi Unit,2025-04-28,45.2,84062,6413,2
MAC0655,Shaving,Ranipet Unit,2025-05-16,60.4,44909,4778,6
MAC0656,Drying,Chennai Finishing,2024-06-13,27.8,35615,4952,4
MAC0657,Spraying,Vaniyambadi Unit,2025-04-14,2.2,92487,4834,12
MAC0658,Spraying,Vaniyambadi Unit,2024-05-14,35.3,97275,7386,4
MAC0659,Shaving,Vaniyambadi Unit,2025-03-14,9.0,19610,1187,4
MAC0660,Spraying,Chennai Finishing,2025-02-04,23.6,69602,6044,3
MAC0661,Shaving,Ambur Unit,2024-05-08,18.0,7201,3898,4
MAC0662,Drying,Vaniyambadi Unit,2024-09-29,43.8,65581,5390,4
MAC0663,Splitting,Vaniyambadi Unit,2024-03-17,18.8,64919,1565,6
MAC0664,Splitting,Ranipet Unit,2024-07-16,57.6,61589,7769,12
MAC0665,Embossing,Vaniyambadi Unit,2024-12-26,39.5,54245,5584,4
MAC0666,Shaving,Chennai Finishing,2024-04-07,41.5,96846,4216,8
MAC0667,Embossing,Ambur Unit,2024-08-09,30.3,8630,7331,0
MAC0668,Splitting,Ambur Unit,2024-02-12,48.0,72533,6879,11
MAC0669,Spraying,Ambur Unit,2025-05-18,29.6,90669,5893,0
MAC0670,Buffing,Ambur Unit,2025-06-11,23.5,51284,2837,6
MAC0671,Drying,Chennai Finishing,2024-12-15,71.0,11273,2644,3
MAC0672,Drying,Vaniyambadi Unit,2025-11-21,4.0,25821,4709,3
MAC0673,Drying,Vaniyambadi Unit,2024-11-08,51.6,58398,3256,11
MAC0674,Drying,Ambur Unit,2025-11-12,63.1,13137,6201,4
MAC0675,Splitting,Ranipet Unit,2025-02-18,1.0,16742,2026,0
MAC0676,Spraying,Vaniyambadi Unit,2025-07-10,19.7,65800,1948,7
MAC0677,Spraying,Ranipet Unit,2024-07-03,72.2,77351,4107,2
MAC0678,Buffing,Vaniyambadi Unit,2024-01-24,20.3,90875,7841,8
MAC0679,Shaving,Vaniyambadi Unit,2024-04-26,45.8,7993,4051,11
MAC0680,Drying,Vaniyambadi Unit,2024-10-15,72.1,74762,4139,10
MAC0681,Buffing,Vaniyambadi Unit,2025-09-30,72.8,62586,5980,1
MAC0682,Embossing,Chennai Finishing,2025-03-09,62.3,18137,3693,9
MAC0683,Buffing,Ambur Unit,2025-02-15,8.5,59242,2506,5
MAC0684,Shaving,Chennai Finishing,2024-02-16,78.9,39771,1060,0
MAC0685,Spraying,Ambur Unit,2024-12-24,72.1,34924,6619,3
MAC0686,Buffing,Vaniyambadi Unit,2025-11-07,33.6,49711,6211,6
MAC0687,Splitting,Chennai Finishing,2025-06-08,73.5,21617,1526,2
MAC0688,Shaving,Ambur Unit,2024-03-07,24.5,42482,4890,5
MAC0689,Shaving,Vaniyambadi Unit,2024-09-09,51.9,24949,4177,7
MAC0690,Splitting,Chennai Finishing,2025-07-31,26.1,96041,7336,1
MAC0691,Drying,Chennai Finishing,2024-10-31,15.9,22673,7032,1
MAC0692,Buffing,Ambur Unit,2024-10-06,32.1,90917,3132,11
MAC0693,Spraying,Ambur Unit,2025-05-11,40.0,77635,6266,1
MAC0694,Embossing,Ambur Unit,2024-01-08,77.7,71410,4338,8
MAC0695,Shaving,Chennai Finishing,2024-01-27,68.4,69124,4597,9
MAC0696,Splitting,Chennai Finishing,2025-06-07,38.8,50430,2739,1
MAC0697,Buffing,Chennai Finishing,2024-11-03,73.7,30312,6035,2
MAC0698,Embossing,Ranipet Unit,2025-03-07,63.9,32411,7537,1
MAC0699,Embossing,Ranipet Unit,2024-09-26,45.7,44737,3126,2
MAC0700,Shaving,Ranipet Unit,2024-06-10,12.9,24980,4949,1
MAC0701,Drying,Ranipet Unit,2024-11-16,1.9,22997,1424,9
MAC0702,Splitting,Chennai Finishing,2025-01-20,60.3,70590,6304,5
MAC0703,Spraying,Chennai Finishing,2025-03-20,12.5,58783,5261,9
MAC0704,Shaving,Vaniyambadi Unit,2025-01-02,50.6,40884,7780,0
MAC0705,Embossing,Ranipet Unit,2024-09-21,12.7,33520,7888,3
MAC0706,Embossing,Ambur Unit,2024-05-14,59.6,91746,5857,5
MAC0707,Embossing,Chennai Finishing,2025-05-13,23.8,98295,3164,3
MAC0708,Embossing,Ambur Unit,2025-08-22,71.1,34652,1962,2
MAC0709,Embossing,Chennai Finishing,2024-01-12,58.9,14366,6512,3
MAC0710,Buffing,Ranipet Unit,2024-02-22,16.6,63514,7796,10
MAC0711,Drying,Ambur Unit,2024-05-12,74.0,42988,4700,10
MAC0712,Shaving,Vaniyambadi Unit,2024-12-24,50.4,55361,2795,8
MAC0713,Shaving,Chennai Finishing,2024-07-30,78.2,89198,2617,6
MAC0714,Shaving,Ambur Unit,2025-05-19,2.8,17757,7352,10
MAC0715,Splitting,Chennai Finishing,2025-03-08,67.9,93622,1055,12
MAC0716,Drying,Ambur Unit,2024-07-28,70.2,99359,2351,12
MAC0717,Drying,Ranipet Unit,2024-11-12,12.8,23647,1047,6
MAC0718,Shaving,Vaniyambadi Unit,2024-12-02,47.1,63727,5814,12
MAC0719,Drying,Ambur Unit,2024-11-05,13.8,31508,7979,3
MAC0720,Drying,Chennai Finishing,2025-11-09,73.0,33467,6920,5
MAC0721,Shaving,Vaniyambadi Unit,2025-05-31,70.1,30615,7315,6
MAC0722,Buffing,Chennai Finishing,2024-07-07,78.1,90358,5565,3
MAC0723,Spraying,Chennai Finishing,2024-03-10,8.5,33733,1064,12
MAC0724,Spraying,Chennai Finishing,2024-03-08,32.2,62050,7362,2
MAC0725,Buffing,Vaniyambadi Unit,2024-06-22,42.5,24291,6877,8
MAC0726,Buffing,Ranipet Unit,2024-11-26,41.0,81193,7690,1
MAC0727,Spraying,Ranipet Unit,2024-02-21,45.3,15762,7873,5
MAC0728,Embossing,Vaniyambadi Unit,2024-04-15,41.6,34690,3770,10
MAC0729,Shaving,Ranipet Unit,2024-05-13,1.5,56287,4943,8
MAC0730,Buffing,Vaniyambadi Unit,2025-10-27,48.7,34326,7952,12
MAC0731,Spraying,Ranipet Unit,2025-06-20,27.7,70461,4585,0
MAC0732,Splitting,Ambur Unit,2024-12-27,42.1,68326,3590,12
MAC0733,Embossing,Ambur Unit,2025-09-19,65.2,46035,2904,8
MAC0734,Drying,Ranipet Unit,2025-09-30,54.7,5519,2410,9
MAC0735,Buffing,Chennai Finishing,2024-06-23,69.1,11231,5873,0
MAC0736,Buffing,Ambur Unit,2024-05-19,66.5,97714,7796,8
MAC0737,Spraying,Ambur Unit,2024-10-14,33.6,84180,6981,5
MAC0738,Buffing,Vaniyambadi Unit,2024-04-30,26.4,94571,5793,7
MAC0739,Embossing,Chennai Finishing,2024-03-06,19.2,73067,5784,9
MAC0740,Splitting,Chennai Finishing,2024-03-05,31.0,10694,3870,0
MAC0741,Splitting,Ranipet Unit,2024-12-15,66.0,45029,3952,7
MAC0742,Shaving,Ranipet Unit,2024-03-02,47.7,41397,1150,12
MAC0743,Spraying,Ambur Unit,2024-12-30,29.1,19365,5010,1
MAC0744,Splitting,Vaniyambadi Unit,2025-11-07,35.7,15916,2091,6
MAC0745,Drying,Ambur Unit,2025-10-23,66.2,40680,2923,10
MAC0746,Spraying,Vaniyambadi Unit,2024-11-30,54.0,16264,1208,0
MAC0747,Buffing,Ambur Unit,2025-03-23,31.5,96908,3379,11
MAC0748,Splitting,Vaniyambadi Unit,2024-09-07,14.3,70338,1170,0
MAC0749,Spraying,Vaniyambadi Unit,2025-07-25,34.6,66582,1835,1
MAC0750,Embossing,Chennai Finishing,2025-03-04,9.7,86382,2985,9
MAC0751,Embossing,Ranipet Unit,2025-01-22,8.8,24234,6908,0
MAC0752,Embossing,Vaniyambadi Unit,2024-11-24,74.0,14925,3355,12
MAC0753,Drying,Vaniyambadi Unit,2024-01-07,31.2,61752,4798,5
MAC0754,Shaving,Ambur Unit,2024-08-02,78.1,83677,7058,11
MAC0755,Splitting,Vaniyambadi Unit,2025-09-20,25.3,89524,5711,8
MAC0756,Spraying,Ranipet Unit,2025-07-06,24.2,21498,7822,3
MAC0757,Embossing,Vaniyambadi Unit,2024-03-25,54.9,49962,4181,0
MAC0758,Spraying,Ambur Unit,2024-10-31,79.0,48373,4918,10
MAC0759,Spraying,Ambur Unit,2025-09-08,58.5,42395,6676,10
MAC0760,Splitting,Chennai Finishing,2025-03-20,41.8,84561,1147,10
MAC0761,Splitting,Ranipet Unit,2025-03-01,58.8,30581,7725,2
MAC0762,Shaving,Vaniyambadi Unit,2025-04-02,26.2,13389,1341,0
MAC0763,Buffing,Ambur Unit,2025-07-27,14.5,99159,7498,7
MAC0764,Embossing,Vaniyambadi Unit,2024-04-10,66.1,76851,2373,11
MAC0765,Embossing,Chennai Finishing,2025-11-28,79.7,11244,3168,3
MAC0766,Drying,Ambur Unit,2025-04-03,27.3,43142,7134,1
MAC0767,Splitting,Ranipet Unit,2025-09-01,15.7,12983,3623,9
MAC0768,Splitting,Ambur Unit,2025-02-21,44.5,69397,4683,9
MAC0769,Drying,Ambur Unit,2025-01-02,50.1,45653,4771,6
MAC0770,Buffing,Ambur Unit,2025-06-09,59.6,64205,3296,12
MAC0771,Embossing,Ambur Unit,2025-06-03,34.2,29809,2365,3
MAC0772,Spraying,Ambur Unit,2025-08-22,55.1,72226,7014,4
MAC0773,Spraying,Ambur Unit,2024-07-13,59.3,43042,1373,0
MAC0774,Splitting,Ranipet Unit,2024-09-05,79.5,62337,5014,8
MAC0775,Buffing,Ambur Unit,2025-08-27,31.3,28053,5012,2
MAC0776,Drying,Vaniyambadi Unit,2024-07-21,18.4,21755,3616,0
MAC0777,Spraying,Ambur Unit,2024-10-22,11.5,89277,1951,2
MAC0778,Shaving,Ranipet Unit,2024-04-14,44.3,41470,7992,6
MAC0779,Embossing,Ambur Unit,2024-03-02,67.2,68989,3709,9
MAC0780,Buffing,Ambur Unit,2025-02-01,19.4,74959,3824,12
MAC0781,Shaving,Ambur Unit,2025-08-19,66.3,71897,6004,0
MAC0782,Splitting,Ambur Unit,2025-11-01,73.5,20587,5067,9
MAC0783,Embossing,Chennai Finishing,2025-07-01,72.7,63223,5156,3
MAC0784,Shaving,Ranipet Unit,2024-12-05,78.6,78564,3922,4
MAC0785,Spraying,Ranipet Unit,2025-01-27,6.3,6709,6492,12
MAC0786,Embossing,Ambur Unit,2024-04-07,8.4,72548,4756,6
MAC0787,Splitting,Chennai Finishing,2025-05-02,36.8,10594,2343,7
MAC0788,Shaving,Ranipet Unit,2025-01-16,5.6,44549,2580,4
MAC0789,Shaving,Chennai Finishing,2024-12-03,64.7,84990,7509,7
MAC0790,Shaving,Chennai Finishing,2024-03-19,26.3,13570,6056,4
MAC0791,Embossing,Chennai Finishing,2025-08-02,68.4,53653,7119,7
MAC0792,Drying,Ranipet Unit,2024-08-28,2.9,95481,3713,8
MAC0793,Buffing,Chennai Finishing,2025-07-23,2.1,68808,7806,10
MAC0794,Shaving,Ambur Unit,2024-10-08,15.8,71597,6953,7
MAC0795,Embossing,Vaniyambadi Unit,2025-10-19,36.3,30132,1962,7
MAC0796,Splitting,Ranipet Unit,2025-10-30,52.2,22516,4721,8
MAC0797,Embossing,Ranipet Unit,2024-08-27,76.4,57857,1641,11
MAC0798,Shaving,Vaniyambadi Unit,2024-01-04,34.2,9155,4285,4
MAC0799,Splitting,Vaniyambadi Unit,2025-05-16,68.2,84131,6906,12
MAC0800,Drying,Chennai Finishing,2024-09-03,18.2,55903,1060,9
MAC0801,Shaving,Ranipet Unit,2024-12-14,6.7,85251,1663,9
MAC0802,Buffing,Chennai Finishing,2025-08-02,33.3,45842,1823,0
MAC0803,Drying,Ranipet Unit,2024-02-23,56.9,81278,4000,12
MAC0804,Drying,Chennai Finishing,2025-03-23,11.1,19394,4738,11
MAC0805,Buffing,Vaniyambadi Unit,2025-03-01,75.2,10014,1786,11
MAC0806,Embossing,Ambur Unit,2024-12-26,31.7,89811,7048,10
MAC0807,Embossing,Ambur Unit,2024-08-13,20.3,73375,5587,2
MAC0808,Drying,Vaniyambadi Unit,2024-09-19,52.0,69659,6746,8
MAC0809,Drying,Ambur Unit,2025-05-14,8.2,60257,2704,4
MAC0810,Splitting,Vaniyambadi Unit,2024-06-11,13.4,91816,3187,4
MAC0811,Embossing,Ranipet Unit,2025-06-29,25.8,14556,3784,2
MAC0812,Shaving,Ranipet Unit,2025-07-23,60.4,42158,2993,2
MAC0813,Splitting,Chennai Finishing,2024-04-12,76.1,92516,5474,12
MAC0814,Drying,Ranipet Unit,2025-06-14,62.8,43025,1696,11
MAC0815,Embossing,Ambur Unit,2025-03-21,15.8,83490,7641,9
MAC0816,Buffing,Ambur Unit,2025-07-24,59.9,29611,7175,8
MAC0817,Spraying,Chennai Finishing,2024-06-10,57.6,20415,3058,8
MAC0818,Drying,Vaniyambadi Unit,2025-06-06,53.5,55683,2418,2
MAC0819,Embossing,Vaniyambadi Unit,2024-08-30,32.0,84995,4350,3
MAC0820,Buffing,Ambur Unit,2024-02-21,31.7,66849,7217,7
MAC0821,Splitting,Chennai Finishing,2025-07-16,71.0,56371,7352,10
MAC0822,Splitting,Ambur Unit,2024-08-11,14.6,82800,3287,9
MAC0823,Shaving,Ranipet Unit,2024-04-27,2.5,5897,3617,8
MAC0824,Embossing,Ambur Unit,2025-10-31,0.4,58209,4106,6
MAC0825,Spraying,Vaniyambadi Unit,2024-10-05,64.2,60416,7596,8
MAC0826,Drying,Ranipet Unit,2024-06-03,9.7,24964,2539,10
MAC0827,Spraying,Ambur Unit,2024-12-27,25.6,78955,7378,0
MAC0828,Drying,Ranipet Unit,2025-04-08,77.7,49957,7605,7
MAC0829,Shaving,Ambur Unit,2025-11-26,7.1,14858,7911,0
MAC0830,Buffing,Ambur Unit,2024-01-30,12.6,11799,1691,9
MAC0831,Spraying,Ranipet Unit,2025-08-29,75.5,93624,2561,3
MAC0832,Drying,Ambur Unit,2024-09-06,33.6,19682,5879,8
MAC0833,Buffing,Chennai Finishing,2024-06-03,79.6,71682,4197,11
MAC0834,Spraying,Chennai Finishing,2024-02-26,46.9,75904,2364,12
MAC0835,Shaving,Ambur Unit,2025-06-01,21.3,64293,6043,3
MAC0836,Shaving,Ranipet Unit,2025-11-01,67.2,22976,5700,10
MAC0837,Buffing,Chennai Finishing,2025-07-21,78.6,24495,4856,12
MAC0838,Spraying,Chennai Finishing,2025-10-24,19.1,52854,6022,4
MAC0839,Embossing,Ambur Unit,2025-04-03,66.5,20369,7717,12
MAC0840,Splitting,Ranipet Unit,2025-04-05,76.2,83642,7097,6
MAC0841,Drying,Vaniyambadi Unit,2025-11-29,33.4,20240,6417,8
MAC0842,Embossing,Ranipet Unit,2025-03-25,9.5,20140,1582,10
MAC0843,Spraying,Chennai Finishing,2025-07-24,78.8,48371,1294,6
MAC0844,Spraying,Chennai Finishing,2025-09-02,72.5,54288,6973,11
MAC0845,Spraying,Ranipet Unit,2025-01-31,78.0,9645,7507,11
MAC0846,Shaving,Vaniyambadi Unit,2025-06-12,4.3,19622,6045,7
MAC0847,Shaving,Chennai Finishing,2024-12-27,79.1,21387,1419,2
MAC0848,Drying,Ambur Unit,2024-08-14,13.8,44549,4039,0
MAC0849,Spraying,Chennai Finishing,2025-09-17,79.1,72942,5167,7
MAC0850,Buffing,Vaniyambadi Unit,2024-10-15,64.5,26988,3044,0
MAC0851,Shaving,Chennai Finishing,2025-10-22,38.4,26342,4079,2
MAC0852,Spraying,Vaniyambadi Unit,2024-06-10,45.5,78320,2428,4
MAC0853,Spraying,Ranipet Unit,2024-09-15,33.3,23379,5325,9
MAC0854,Spraying,Ambur Unit,2025-01-26,7.2,66912,1363,10
MAC0855,Shaving,Chennai Finishing,2024-03-11,69.9,85275,3482,6
MAC0856,Spraying,Ambur Unit,2025-01-15,8.9,93224,2724,1
MAC0857,Shaving,Chennai Finishing,2025-10-20,5.9,38737,6214,7
MAC0858,Buffing,Ranipet Unit,2024-04-30,78.0,55076,2574,11
MAC0859,Shaving,Vaniyambadi Unit,2024-08-29,63.3,50288,2492,3
MAC0860,Embossing,Vaniyambadi Unit,2024-08-09,36.5,57212,5170,9
MAC0861,Spraying,Vaniyambadi Unit,2024-01-04,18.1,38341,2741,7
MAC0862,Splitting,Vaniyambadi Unit,2024-01-11,23.3,86645,1202,4
MAC0863,Drying,Vaniyambadi Unit,2025-06-11,25.9,95691,3199,0
MAC0864,Spraying,Chennai Finishing,2025-07-19,44.2,67190,1127,2
MAC0865,Embossing,Chennai Finishing,2025-11-03,24.2,77428,4886,5
MAC0866,Spraying,Vaniyambadi Unit,2024-12-27,10.6,38127,7161,2
MAC0867,Embossing,Ranipet Unit,2025-10-03,11.5,82803,5645,12
MAC0868,Shaving,Vaniyambadi Unit,2024-07-28,39.1,96580,1455,4
MAC0869,Drying,Chennai Finishing,2025-07-22,29.5,43633,6490,4
MAC0870,Drying,Ranipet Unit,2025-11-06,51.0,29333,2302,9
MAC0871,Shaving,Ranipet Unit,2024-08-10,55.7,32535,7181,6
MAC0872,Splitting,Ambur Unit,2025-11-15,11.0,37343,1817,1
MAC0873,Shaving,Ambur Unit,2025-05-23,22.7,71727,1606,12
MAC0874,Shaving,Ambur Unit,2025-02-26,18.0,59844,4534,3
MAC0875,Spraying,Vaniyambadi Unit,2025-08-25,33.5,58776,1703,11
MAC0876,Buffing,Chennai Finishing,2025-09-01,4.4,88167,1917,0
MAC0877,Spraying,Ambur Unit,2025-04-20,22.7,79956,7712,10
MAC0878,Shaving,Ambur Unit,2024-10-15,51.2,99683,5294,5
MAC0879,Buffing,Ambur Unit,2024-10-13,72.2,50082,6345,12
MAC0880,Shaving,Vaniyambadi Unit,2025-04-20,30.2,62243,7794,8
MAC0881,Splitting,Chennai Finishing,2024-05-23,24.8,95183,2431,5
MAC0882,Shaving,Ambur Unit,2024-12-03,29.3,9121,7702,7
MAC0883,Buffing,Ranipet Unit,2025-10-08,46.8,35754,1571,3
MAC0884,Shaving,Chennai Finishing,2024-11-17,60.5,50339,1011,6
MAC0885,Spraying,Chennai Finishing,2024-03-30,37.4,66713,2197,11
MAC0886,Embossing,Vaniyambadi Unit,2025-02-08,42.2,39433,2712,9
MAC0887,Splitting,Chennai Finishing,2024-06-29,79.0,72429,7765,7
MAC0888,Drying,Vaniyambadi Unit,2025-05-14,40.1,8152,6152,5
MAC0889,Drying,Vaniyambadi Unit,2025-02-05,50.5,83064,4048,8
MAC0890,Spraying,Ranipet Unit,2024-11-15,40.1,25344,4143,1
MAC0891,Splitting,Ranipet Unit,2025-09-17,71.0,79836,1058,3
MAC0892,Spraying,Ambur Unit,2024-02-19,60.2,14295,4181,6
MAC0893,Buffing,Chennai Finishing,2024-11-13,30.3,90830,1375,12
MAC0894,Spraying,Vaniyambadi Unit,2025-11-14,18.5,69152,5876,0
MAC0895,Embossing,Ambur Unit,2024-09-11,21.9,53201,3895,4
MAC0896,Embossing,Vaniyambadi Unit,2024-10-20,52.1,40830,7551,0
MAC0897,Embossing,Chennai Finishing,2025-10-22,78.3,51989,2076,8
MAC0898,Drying,Ranipet Unit,2025-01-27,70.4,43702,3595,6
MAC0899,Shaving,Vaniyambadi Unit,2024-04-22,46.3,99116,5476,1
MAC0900,Embossing,Vaniyambadi Unit,2024-10-20,52.7,43345,1785,1
MAC0901,Embossing,Ranipet Unit,2024-09-21,13.8,90415,5521,8
MAC0902,Shaving,Ranipet Unit,2024-10-16,9.0,61911,4498,0
MAC0903,Splitting,Ranipet Unit,2025-08-16,34.3,37407,7768,3
MAC0904,Buffing,Chennai Finishing,2024-11-28,21.1,57490,2230,10
MAC0905,Shaving,Vaniyambadi Unit,2024-03-20,67.5,24423,4475,8
MAC0906,Drying,Ambur Unit,2024-09-12,79.2,88229,2005,1
MAC0907,Buffing,Vaniyambadi Unit,2025-10-09,60.2,60228,4891,10
MAC0908,Embossing,Ambur Unit,2025-06-23,36.4,52257,3200,12
MAC0909,Shaving,Ranipet Unit,2024-03-20,42.1,70216,5669,6
MAC0910,Splitting,Ranipet Unit,2025-09-08,45.7,36792,3310,3
MAC0911,Splitting,Chennai Finishing,2024-10-24,15.6,6458,2647,3
MAC0912,Drying,Ranipet Unit,2024-08-31,51.9,18669,5562,5
MAC0913,Shaving,Chennai Finishing,2025-07-11,42.3,74269,4655,5
MAC0914,Buffing,Vaniyambadi Unit,2025-11-21,24.9,71770,6483,4
MAC0915,Spraying,Vaniyambadi Unit,2025-02-20,52.8,66113,6634,9
MAC0916,Drying,Ranipet Unit,2024-01-24,71.5,56497,4868,11
MAC0917,Drying,Chennai Finishing,2025-03-07,28.5,42546,3098,8
MAC0918,Splitting,Ranipet Unit,2025-05-21,63.1,68081,6818,11
MAC0919,Buffing,Ambur Unit,2024-02-28,31.4,39317,6967,12
MAC0920,Embossing,Ranipet Unit,2024-09-04,15.0,14931,2911,3
MAC0921,Embossing,Ranipet Unit,2025-02-06,0.2,10562,6970,3
MAC0922,Shaving,Chennai Finishing,2025-10-15,4.3,32913,7256,5
MAC0923,Buffing,Vaniyambadi Unit,2024-10-18,9.1,89254,4767,6
MAC0924,Splitting,Chennai Finishing,2025-04-15,18.9,68416,3236,2
MAC0925,Embossing,Ranipet Unit,2024-09-16,50.2,20076,5470,9
MAC0926,Drying,Ranipet Unit,2025-02-26,58.2,35568,3823,9
MAC0927,Drying,Ambur Unit,2025-08-29,17.3,43372,7612,8
MAC0928,Embossing,Vaniyambadi Unit,2025-03-11,55.7,67025,1058,9
MAC0929,Spraying,Chennai Finishing,2024-04-08,52.3,68735,5672,3
MAC0930,Buffing,Ambur Unit,2024-01-13,34.0,98701,4362,5
MAC0931,Buffing,Ambur Unit,2024-08-13,43.8,43206,4182,1
MAC0932,Splitting,Chennai Finishing,2024-01-07,25.1,51154,5504,6
MAC0933,Drying,Ambur Unit,2025-05-18,29.1,38406,1498,9
MAC0934,Buffing,Chennai Finishing,2024-12-26,49.6,30677,3506,2
MAC0935,Embossing,Ranipet Unit,2024-03-17,49.0,80001,6012,2
MAC0936,Drying,Chennai Finishing,2024-05-24,9.1,38185,4205,12
MAC0937,Buffing,Ambur Unit,2025-06-09,79.7,21675,1761,1
MAC0938,Embossing,Ranipet Unit,2025-04-25,68.3,50877,6952,11
MAC0939,Embossing,Ambur Unit,2024-11-29,74.7,6171,4169,3
MAC0940,Embossing,Vaniyambadi Unit,2024-09-30,62.6,22213,6392,12
MAC0941,Embossing,Ambur Unit,2025-05-15,74.7,9297,2758,11
MAC0942,Buffing,Chennai Finishing,2024-07-26,76.8,6828,5325,0
MAC0943,Shaving,Ranipet Unit,2024-11-24,63.2,32387,5801,7
MAC0944,Buffing,Chennai Finishing,2025-05-18,39.2,86330,4581,11
MAC0945,Spraying,Ambur Unit,2025-04-14,57.2,85282,7264,4
MAC0946,Drying,Vaniyambadi Unit,2024-01-17,45.2,56605,6887,9
MAC0947,Splitting,Chennai Finishing,2024-12-02,17.5,12389,3823,5
MAC0948,Drying,Vaniyambadi Unit,2024-09-19,69.9,6710,5639,11
MAC0949,Embossing,Ranipet Unit,2025-02-19,77.8,50625,6792,5
MAC0950,Shaving,Vaniyambadi Unit,2024-06-08,12.2,71398,5881,7
MAC0951,Embossing,Vaniyambadi Unit,2025-06-16,52.8,30964,1659,6
MAC0952,Splitting,Ambur Unit,2025-10-02,3.6,58020,5155,8
MAC0953,Spraying,Ambur Unit,2025-03-25,11.3,8374,3599,11
MAC0954,Splitting,Ranipet Unit,2024-11-14,46.6,39586,3075,3
MAC0955,Embossing,Chennai Finishing,2025-06-07,71.5,64337,1407,6
MAC0956,Buffing,Ambur Unit,2025-03-18,0.1,8319,3140,6
MAC0957,Splitting,Vaniyambadi Unit,2024-10-06,72.2,5240,6329,6
MAC0958,Splitting,Ambur Unit,2024-06-19,27.8,87105,7861,8
MAC0959,Buffing,Ranipet Unit,2025-03-06,13.1,54628,3408,10
MAC0960,Spraying,Ambur Unit,2025-02-24,26.4,16758,7954,10
MAC0961,Buffing,Chennai Finishing,2025-03-31,48.5,18602,4641,8
MAC0962,Buffing,Vaniyambadi Unit,2024-09-07,71.3,36869,6830,12
MAC0963,Shaving,Vaniyambadi Unit,2025-05-25,22.5,45668,4295,1
MAC0964,Embossing,Chennai Finishing,2025-06-08,17.4,88919,6744,5
MAC0965,Shaving,Ambur Unit,2025-01-21,62.1,83466,6077,10
MAC0966,Drying,Ambur Unit,2025-09-29,66.1,31574,6550,1
MAC0967,Embossing,Vaniyambadi Unit,2025-10-29,0.5,12810,3221,5
MAC0968,Drying,Chennai Finishing,2024-01-16,45.9,77599,3848,10
MAC0969,Shaving,Ranipet Unit,2024-12-17,14.9,75653,3443,5
MAC0970,Drying,Ranipet Unit,2024-02-15,55.8,12374,2553,5
MAC0971,Drying,Ranipet Unit,2024-01-03,53.4,63812,7306,2
MAC0972,Splitting,Vaniyambadi Unit,2025-05-20,50.6,96170,3950,5
MAC0973,Spraying,Ranipet Unit,2025-06-22,65.7,58696,6968,0
MAC0974,Shaving,Vaniyambadi Unit,2024-08-18,61.1,12267,5367,2
MAC0975,Buffing,Vaniyambadi Unit,2025-10-28,47.1,94133,2266,10
MAC0976,Drying,Vaniyambadi Unit,2024-05-24,44.9,40235,3844,8
MAC0977,Shaving,Chennai Finishing,2024-06-29,74.6,21135,1377,10
MAC0978,Embossing,Ranipet Unit,2025-05-09,43.5,9396,5217,12
MAC0979,Embossing,Ranipet Unit,2025-03-19,20.3,8790,7382,5
MAC0980,Drying,Vaniyambadi Unit,2024-06-30,11.8,30896,2386,8
MAC0981,Drying,Ranipet Unit,2025-09-17,62.3,68707,6536,4
MAC0982,Splitting,Vaniyambadi Unit,2024-02-18,17.4,72800,4932,1
MAC0983,Buffing,Chennai Finishing,2025-07-26,35.5,17312,6345,7
MAC0984,Drying,Ranipet Unit,2024-11-23,32.8,86483,2822,7
MAC0985,Spraying,Chennai Finishing,2024-08-19,61.9,58314,4302,2
MAC0986,Drying,Chennai Finishing,2025-03-21,11.0,24846,5406,3
MAC0987,Buffing,Vaniyambadi Unit,2025-07-27,51.4,7243,1965,9
MAC0988,Buffing,Ambur Unit,2025-03-13,73.3,7167,5029,6
MAC0989,Spraying,Ranipet Unit,2024-12-07,62.8,57698,7910,7
MAC0990,Embossing,Ambur Unit,2025-02-26,73.1,78940,6661,2
MAC0991,Spraying,Ranipet Unit,2025-09-30,61.9,43431,1261,6
MAC0992,Shaving,Vaniyambadi Unit,2024-06-16,58.6,66928,2167,6
MAC0993,Buffing,Ranipet Unit,2024-02-16,49.2,56076,6911,1
MAC0994,Drying,Vaniyambadi Unit,2025-08-02,8.3,42153,3340,7
MAC0995,Embossing,Vaniyambadi Unit,2025-02-18,40.0,58973,7760,9
MAC0996,Buffing,Chennai Finishing,2024-01-24,49.4,89206,4707,1
MAC0997,Splitting,Ranipet Unit,2025-08-01,74.0,93566,3882,10
MAC0998,Splitting,Ambur Unit,2024-06-27,48.7,96606,4087,11
MAC0999,Drying,Ambur Unit,2025-04-24,44.8,46472,1088,11
MAC1000,Drying,Chennai Finishing,2024-05-23,19.1,39782,2815,9
MAC1001,Splitting,Chennai Finishing,2025-10-11,77.8,31302,7689,10
MAC1002,Drying,Chennai Finishing,2025-07-15,59.2,21828,1134,10
MAC1003,Shaving,Ranipet Unit,2024-05-21,76.4,17340,5359,8
MAC1004,Spraying,Ambur Unit,2024-05-15,54.3,48085,2970,0
MAC1005,Shaving,Ranipet Unit,2024-11-08,34.2,75820,3735,11
MAC1006,Buffing,Ambur Unit,2024-09-17,41.3,35897,7001,9
MAC1007,Drying,Vaniyambadi Unit,2024-05-30,78.7,21003,1512,1
MAC1008,Spraying,Ambur Unit,2025-11-06,39.0,39150,3686,2
MAC1009,Splitting,Chennai Finishing,2025-04-07,35.2,7878,2526,1
MAC1010,Splitting,Chennai Finishing,2025-06-03,57.6,98044,7448,2
MAC1011,Buffing,Ambur Unit,2024-01-23,10.0,89475,4947,10
MAC1012,Drying,Vaniyambadi Unit,2025-07-03,0.2,42187,6288,10
MAC1013,Drying,Ranipet Unit,2025-10-14,2.5,34351,3724,0
MAC1014,Buffing,Vaniyambadi Unit,2024-12-25,57.3,42252,5545,6
MAC1015,Shaving,Ranipet Unit,2024-07-05,54.2,16698,2955,10
MAC1016,Splitting,Chennai Finishing,2024-11-10,34.7,25554,2682,7
MAC1017,Splitting,Ambur Unit,2025-06-21,3.8,11821,7212,10
MAC1018,Drying,Vaniyambadi Unit,2025-01-07,3.0,61701,2997,10
MAC1019,Buffing,Ambur Unit,2025-08-02,28.6,67616,2697,4
MAC1020,Spraying,Chennai Finishing,2025-07-14,4.5,74128,1721,12
MAC1021,Splitting,Ambur Unit,2025-07-18,63.4,81789,5218,12
MAC1022,Drying,Ranipet Unit,2024-12-16,69.0,78316,6721,4
MAC1023,Shaving,Ambur Unit,2025-07-16,68.2,61241,4711,12
MAC1024,Spraying,Vaniyambadi Unit,2025-07-13,10.2,83413,2856,5
MAC1025,Embossing,Ambur Unit,2025-04-05,31.3,99986,6640,11
MAC1026,Drying,Ambur Unit,2025-01-17,7.7,81771,5116,2
MAC1027,Buffing,Ambur Unit,2024-05-07,74.3,49835,7010,4
MAC1028,Buffing,Vaniyambadi Unit,2024-07-26,18.0,62782,2190,5
MAC1029,Splitting,Ambur Unit,2025-04-04,10.1,6675,5990,10
MAC1030,Buffing,Ranipet Unit,2024-07-09,25.0,9108,6636,8
MAC1031,Embossing,Ranipet Unit,2025-03-31,3.3,73972,1747,11
MAC1032,Shaving,Vaniyambadi Unit,2024-09-26,32.4,69817,4320,0
MAC1033,Splitting,Chennai Finishing,2025-10-14,17.1,23731,1913,7
MAC1034,Splitting,Ranipet Unit,2025-08-25,55.8,75591,6757,4
MAC1035,Drying,Chennai Finishing,2025-06-10,26.2,70679,5219,12
MAC1036,Spraying,Chennai Finishing,2024-08-23,54.2,99777,3782,2
MAC1037,Shaving,Ambur Unit,2025-02-05,2.6,58907,4188,9
MAC1038,Buffing,Vaniyambadi Unit,2025-09-22,34.9,41587,1676,2
MAC1039,Buffing,Ranipet Unit,2024-07-07,8.1,63308,7273,8
MAC1040,Drying,Vaniyambadi Unit,2024-06-28,17.3,34106,4991,5
MAC1041,Buffing,Ambur Unit,2025-06-29,66.5,22221,7651,0
MAC1042,Buffing,Ranipet Unit,2025-03-13,53.5,69760,3289,3
MAC1043,Splitting,Ranipet Unit,2024-05-28,36.2,33782,3607,4
MAC1044,Embossing,Vaniyambadi Unit,2025-06-19,30.5,65452,6376,0
MAC1045,Drying,Chennai Finishing,2024-05-14,44.4,17252,1776,9
MAC1046,Drying,Ranipet Unit,2025-07-26,78.6,42327,2865,0
MAC1047,Splitting,Ambur Unit,2024-12-27,37.0,22386,1040,11
MAC1048,Buffing,Ambur Unit,2024-05-27,43.6,74235,5729,5
MAC1049,Drying,Ranipet Unit,2025-10-02,38.2,57159,5056,9
MAC1050,Shaving,Ranipet Unit,2025-10-18,57.6,79888,7453,4
MAC1051,Buffing,Chennai Finishing,2024-09-10,71.5,30900,4653,11
MAC1052,Shaving,Ranipet Unit,2024-02-05,27.7,68909,1618,4
MAC1053,Drying,Chennai Finishing,2024-10-12,42.2,32848,3145,4
MAC1054,Buffing,Ambur Unit,2024-08-05,51.7,8813,7378,9
MAC1055,Spraying,Chennai Finishing,2024-03-13,7.9,25102,3522,6
MAC1056,Drying,Chennai Finishing,2024-02-27,26.9,5747,5500,5
MAC1057,Drying,Chennai Finishing,2024-05-24,6.2,44749,6076,11
MAC1058,Splitting,Chennai Finishing,2024-10-10,39.7,36215,2137,7
MAC1059,Buffing,Ambur Unit,2024-06-21,57.4,62962,7579,1
MAC1060,Splitting,Ranipet Unit,2025-05-27,6.8,24699,7637,2
MAC1061,Shaving,Ranipet Unit,2025-10-03,61.8,61340,4903,6
MAC1062,Buffing,Vaniyambadi Unit,2024-04-26,51.6,18788,5378,12
MAC1063,Spraying,Ranipet Unit,2024-02-15,29.5,45396,1902,2
MAC1064,Splitting,Chennai Finishing,2024-10-09,71.5,26583,3866,12
MAC1065,Splitting,Ranipet Unit,2024-10-31,43.5,57556,4851,0
MAC1066,Embossing,Vaniyambadi Unit,2024-11-12,76.4,58487,4356,1
MAC1067,Embossing,Vaniyambadi Unit,2025-10-13,43.3,67640,3961,3
MAC1068,Buffing,Chennai Finishing,2025-03-22,44.5,65511,3539,7
MAC1069,Spraying,Ranipet Unit,2024-07-11,43.6,38549,5353,7
MAC1070,Shaving,Vaniyambadi Unit,2024-08-20,70.6,30505,3926,4
MAC1071,Buffing,Ambur Unit,2024-04-18,52.6,53576,7130,2
MAC1072,Embossing,Ranipet Unit,2024-08-07,71.2,35917,7424,9
MAC1073,Buffing,Vaniyambadi Unit,2025-03-01,31.9,40704,4557,0
MAC1074,Drying,Chennai Finishing,2024-02-12,60.2,58413,2798,10
MAC1075,Drying,Ranipet Unit,2025-05-19,10.4,24158,3866,4
MAC1076,Drying,Ranipet Unit,2024-11-14,73.1,59365,3157,12
MAC1077,Shaving,Ranipet Unit,2025-08-15,52.4,25062,6101,12
MAC1078,Buffing,Vaniyambadi Unit,2025-11-09,60.3,34026,3812,7
MAC1079,Splitting,Vaniyambadi Unit,2024-11-09,25.1,39839,6602,10
MAC1080,Embossing,Chennai Finishing,2025-01-29,18.4,92505,7767,8
MAC1081,Shaving,Vaniyambadi Unit,2024-07-25,79.8,83262,7843,1
MAC1082,Shaving,Chennai Finishing,2024-04-13,30.2,90270,5641,0
MAC1083,Drying,Ranipet Unit,2025-08-09,51.6,61536,3598,1
MAC1084,Embossing,Chennai Finishing,2024-09-27,17.8,10628,1118,4
MAC1085,Buffing,Chennai Finishing,2024-05-01,70.6,77714,7659,3
MAC1086,Embossing,Ranipet Unit,2024-07-01,13.4,46099,1857,2
MAC1087,Shaving,Ranipet Unit,2025-01-25,37.5,87264,1092,12
MAC1088,Embossing,Chennai Finishing,2024-07-09,75.5,8867,1660,2
MAC1089,Spraying,Vaniyambadi Unit,2025-01-31,62.0,61530,2747,7
MAC1090,Splitting,Vaniyambadi Unit,2024-07-08,34.5,13205,3691,11
MAC1091,Spraying,Ranipet Unit,2024-09-17,29.7,9504,7714,12
MAC1092,Buffing,Ambur Unit,2024-06-24,31.9,95215,5417,7
MAC1093,Buffing,Vaniyambadi Unit,2025-08-11,23.8,87237,1258,5
MAC1094,Embossing,Ranipet Unit,2025-11-16,45.2,98580,7309,0
MAC1095,Spraying,Ambur Unit,2025-01-16,32.9,63623,4715,2
MAC1096,Drying,Chennai Finishing,2024-11-27,23.5,56085,7514,2
MAC1097,Embossing,Ranipet Unit,2024-03-08,57.3,42853,1472,12
MAC1098,Spraying,Vaniyambadi Unit,2025-05-06,16.4,84576,7826,4
MAC1099,Buffing,Chennai Finishing,2025-09-29,70.3,97828,3829,1
MAC1100,Buffing,Vaniyambadi Unit,2025-06-27,73.6,76397,3341,4
MAC1101,Buffing,Chennai Finishing,2025-08-10,76.3,61236,4309,1
MAC1102,Splitting,Ambur Unit,2025-04-21,51.0,65812,1087,12
MAC1103,Splitting,Ranipet Unit,2025-05-20,38.5,84204,3600,10
MAC1104,Drying,Ranipet Unit,2025-04-27,51.2,33207,1064,12
MAC1105,Embossing,Chennai Finishing,2024-05-30,47.5,82898,5001,7
MAC1106,Shaving,Chennai Finishing,2024-09-11,28.6,28385,1723,11
MAC1107,Drying,Vaniyambadi Unit,2025-08-16,70.5,68959,6010,8
MAC1108,Shaving,Chennai Finishing,2025-08-26,51.4,38988,3316,10
MAC1109,Spraying,Chennai Finishing,2024-12-11,75.5,52016,6199,12
MAC1110,Embossing,Ambur Unit,2025-04-30,35.6,58743,7655,3
MAC1111,Splitting,Ranipet Unit,2024-05-02,12.5,51536,2712,6
MAC1112,Buffing,Chennai Finishing,2025-01-15,9.9,26432,6436,9
MAC1113,Buffing,Vaniyambadi Unit,2025-09-07,21.6,40290,3416,9
MAC1114,Splitting,Chennai Finishing,2025-11-20,65.0,58448,2413,9
MAC1115,Shaving,Vaniyambadi Unit,2024-06-21,59.7,81883,1160,7
MAC1116,Drying,Ranipet Unit,2024-01-20,66.8,71807,1124,0
MAC1117,Spraying,Ranipet Unit,2025-01-27,15.2,84034,1465,11
MAC1118,Shaving,Ranipet Unit,2025-07-24,17.0,84494,4183,7
MAC1119,Splitting,Ambur Unit,2024-02-26,17.7,99342,2496,1
MAC1120,Spraying,Vaniyambadi Unit,2025-02-08,19.2,76352,3811,1
MAC1121,Spraying,Chennai Finishing,2025-11-28,52.7,7350,6246,1
MAC1122,Drying,Vaniyambadi Unit,2025-09-01,40.4,75154,7724,7
MAC1123,Spraying,Chennai Finishing,2025-05-14,66.1,82571,2616,9
MAC1124,Buffing,Ranipet Unit,2025-02-21,8.3,89015,4767,8
MAC1125,Splitting,Chennai Finishing,2024-09-26,12.2,28880,6877,3
MAC1126,Embossing,Vaniyambadi Unit,2024-11-08,16.7,69735,3237,0
MAC1127,Embossing,Ambur Unit,2025-03-23,36.5,67259,3358,4
MAC1128,Drying,Ambur Unit,2025-10-31,11.3,48504,7892,3
MAC1129,Spraying,Chennai Finishing,2025-04-19,14.0,24028,2577,9
MAC1130,Buffing,Chennai Finishing,2025-09-23,61.4,9979,3301,0
MAC1131,Drying,Chennai Finishing,2025-11-17,27.1,98175,1068,3
MAC1132,Embossing,Ranipet Unit,2025-10-01,1.9,6927,1234,6
MAC1133,Spraying,Chennai Finishing,2025-04-17,52.4,17006,7805,10
MAC1134,Drying,Ranipet Unit,2024-09-22,6.9,78052,6367,2
MAC1135,Shaving,Chennai Finishing,2025-06-28,26.2,18557,6592,6
MAC1136,Buffing,Vaniyambadi Unit,2025-08-27,60.5,96220,4835,4
MAC1137,Shaving,Chennai Finishing,2025-11-03,54.1,57198,5047,0
MAC1138,Spraying,Chennai Finishing,2025-04-12,59.6,71388,1909,10
MAC1139,Shaving,Ambur Unit,2024-05-28,47.4,73822,5224,9
MAC1140,Drying,Ranipet Unit,2024-02-05,64.7,94279,5133,0
MAC1141,Shaving,Ranipet Unit,2024-04-06,70.6,79065,4408,10
MAC1142,Buffing,Chennai Finishing,2024-05-05,15.6,46753,2125,4
MAC1143,Buffing,Ranipet Unit,2025-11-10,49.7,80385,5009,11
MAC1144,Spraying,Ambur Unit,2025-05-28,73.4,36246,4557,4
MAC1145,Splitting,Ranipet Unit,2025-10-29,32.5,96991,5444,11
MAC1146,Spraying,Chennai Finishing,2025-05-03,32.4,21556,3366,9
MAC1147,Shaving,Ambur Unit,2025-08-30,15.6,97400,5531,11
MAC1148,Shaving,Ranipet Unit,2025-09-12,70.9,51712,3330,3
MAC1149,Shaving,Ambur Unit,2024-08-19,64.9,73766,5886,1
MAC1150,Drying,Chennai Finishing,2024-10-11,43.6,92586,1414,7
MAC1151,Shaving,Vaniyambadi Unit,2025-10-05,62.1,86424,7661,1
MAC1152,Embossing,Vaniyambadi Unit,2024-04-15,26.8,13105,4444,9
MAC1153,Embossing,Ranipet Unit,2024-05-19,60.2,72274,7996,0
MAC1154,Buffing,Ranipet Unit,2025-04-19,20.2,51726,1361,3
MAC1155,Buffing,Chennai Finishing,2024-08-27,67.7,24411,7788,9
MAC1156,Spraying,Vaniyambadi Unit,2024-09-28,41.1,78927,1875,12
MAC1157,Shaving,Ranipet Unit,2024-08-27,41.7,78588,3205,5
MAC1158,Buffing,Ranipet Unit,2024-08-12,3.1,54709,6909,8
MAC1159,Buffing,Vaniyambadi Unit,2024-10-13,30.4,18747,4172,11
MAC1160,Splitting,Vaniyambadi Unit,2024-08-16,79.0,95382,5405,4
MAC1161,Spraying,Ambur Unit,2025-09-21,17.5,24613,6925,0
MAC1162,Buffing,Vaniyambadi Unit,2024-06-18,59.3,6590,7924,2
MAC1163,Shaving,Ranipet Unit,2024-05-07,66.4,81082,1194,0
MAC1164,Embossing,Ranipet Unit,2024-05-01,9.5,9669,1982,2
MAC1165,Embossing,Chennai Finishing,2025-04-08,71.6,83219,3860,9
MAC1166,Spraying,Vaniyambadi Unit,2025-07-19,12.9,9078,1500,6
MAC1167,Spraying,Vaniyambadi Unit,2025-01-10,51.8,14770,4933,2
MAC1168,Splitting,Ambur Unit,2024-07-22,39.5,16168,7765,3
MAC1169,Drying,Vaniyambadi Unit,2025-08-20,8.0,97199,1334,12
MAC1170,Embossing,Vaniyambadi Unit,2024-04-30,34.2,7881,2329,3
MAC1171,Embossing,Ambur Unit,2025-04-14,64.8,69453,5906,3
MAC1172,Embossing,Vaniyambadi Unit,2024-05-09,74.1,28750,5490,3
MAC1173,Drying,Ambur Unit,2025-02-12,34.8,71970,4059,9
MAC1174,Shaving,Ranipet Unit,2024-08-20,43.6,35416,3503,8
MAC1175,Buffing,Chennai Finishing,2025-03-02,17.6,42995,5384,2
MAC1176,Splitting,Ambur Unit,2024-12-24,59.8,32531,6793,7
MAC1177,Embossing,Chennai Finishing,2025-10-26,35.0,94398,7572,3
MAC1178,Drying,Ambur Unit,2025-10-05,28.9,10237,2117,9
MAC1179,Spraying,Chennai Finishing,2025-09-13,67.8,53432,6148,8
MAC1180,Spraying,Vaniyambadi Unit,2024-05-17,57.5,75104,2077,9
MAC1181,Shaving,Chennai Finishing,2025-08-01,39.9,86435,4255,0
MAC1182,Buffing,Ranipet Unit,2024-04-03,13.3,50997,1861,9
MAC1183,Drying,Vaniyambadi Unit,2024-06-12,59.7,43550,7695,7
MAC1184,Embossing,Ambur Unit,2024-12-08,70.1,10874,3098,8
MAC1185,Shaving,Ranipet Unit,2025-10-16,17.3,61889,3033,2
MAC1186,Spraying,Chennai Finishing,2025-07-09,69.0,5603,6676,5
MAC1187,Drying,Vaniyambadi Unit,2024-12-10,17.7,27798,4041,2
MAC1188,Drying,Chennai Finishing,2024-12-07,61.0,99392,4777,11
MAC1189,Splitting,Vaniyambadi Unit,2025-02-23,42.3,37600,1781,0
MAC1190,Embossing,Ambur Unit,2024-05-24,10.3,14564,3050,2
MAC1191,Splitting,Chennai Finishing,2025-06-11,76.6,45869,1680,1
MAC1192,Splitting,Vaniyambadi Unit,2025-04-29,34.7,47266,3818,9
MAC1193,Shaving,Chennai Finishing,2024-07-13,13.7,44543,1731,0
MAC1194,Splitting,Chennai Finishing,2025-05-19,42.9,95833,6716,4
MAC1195,Buffing,Chennai Finishing,2025-09-30,34.3,60857,1717,10
MAC1196,Drying,Chennai Finishing,2025-09-25,64.7,10009,3922,11
MAC1197,Shaving,Vaniyambadi Unit,2025-03-13,38.2,60217,4194,0
MAC1198,Buffing,Ranipet Unit,2024-02-27,48.0,25847,3389,5
MAC1199,Embossing,Ambur Unit,2024-06-17,37.6,90097,4514,8
MAC1200,Spraying,Vaniyambadi Unit,2025-07-24,16.9,12782,5395,7
